CITY,DISTRICT,GEOCODE,DAY,TIME,T,TD,RH,WD,WS,BF,AT,Wx,Wx_n,get_day
臺北市,松山區,6300100,2021-01-11,12:00:00,13,12,90,東北風,1,<= 1,13,有雨,14,2021-01-11
臺北市,松山區,6300100,2021-01-11,15:00:00,13,11,91,偏西風,1,<= 1,12,有雨,14,2021-01-11
臺北市,松山區,6300100,2021-01-11,18:00:00,11,10,91,西北風,1,<= 1,11,有雨,14,2021-01-11
臺北市,松山區,6300100,2021-01-11,21:00:00,11,9,89,東北風,1,<= 1,10,有雨,14,2021-01-11
臺北市,松山區,6300100,2021-01-12,00:00:00,11,8,84,偏西風,1,<= 1,10,短暫雨,08,2021-01-11
臺北市,松山區,6300100,2021-01-12,03:00:00,10,7,82,西南風,1,<= 1,10,短暫雨,08,2021-01-11
臺北市,松山區,6300100,2021-01-12,06:00:00,10,7,82,偏南風,1,<= 1,9,陰,07,2021-01-11
臺北市,松山區,6300100,2021-01-12,09:00:00,11,8,79,東南風,1,<= 1,10,陰,07,2021-01-11
臺北市,松山區,6300100,2021-01-12,12:00:00,13,8,71,偏東風,2,2,12,晴,01,2021-01-11
臺北市,松山區,6300100,2021-01-12,15:00:00,13,7,69,偏東風,3,2,11,晴,01,2021-01-11
臺北市,松山區,6300100,2021-01-12,18:00:00,10,7,80,偏東風,2,2,8,晴,01,2021-01-11
臺北市,松山區,6300100,2021-01-12,21:00:00,10,7,86,偏東風,2,2,8,晴,01,2021-01-11
臺北市,松山區,6300100,2021-01-13,00:00:00,9,7,88,偏東風,2,2,8,晴,01,2021-01-11
臺北市,松山區,6300100,2021-01-13,03:00:00,9,7,89,偏東風,2,2,7,晴,01,2021-01-11
臺北市,松山區,6300100,2021-01-13,06:00:00,8,7,89,偏東風,2,<= 1,6,晴,01,2021-01-11
臺北市,松山區,6300100,2021-01-13,09:00:00,12,9,82,東北風,2,2,11,晴,01,2021-01-11
臺北市,松山區,6300100,2021-01-13,12:00:00,20,14,70,東北風,2,<= 1,20,晴,01,2021-01-11
臺北市,松山區,6300100,2021-01-13,15:00:00,20,15,74,偏東風,2,<= 1,20,晴,01,2021-01-11
臺北市,松山區,6300100,2021-01-13,18:00:00,16,13,80,東北風,1,<= 1,16,晴,01,2021-01-11
臺北市,松山區,6300100,2021-01-13,21:00:00,15,12,85,東北風,2,<= 1,15,晴,01,2021-01-11
臺北市,松山區,6300100,2021-01-14,00:00:00,14,12,85,東北風,2,<= 1,14,晴,01,2021-01-11
臺北市,松山區,6300100,2021-01-14,03:00:00,14,11,86,東北風,2,<= 1,13,晴,01,2021-01-11
臺北市,松山區,6300100,2021-01-14,06:00:00,13,11,88,東北風,2,<= 1,12,晴,01,2021-01-11
臺北市,松山區,6300100,2021-01-14,09:00:00,16,14,83,東北風,1,<= 1,17,晴,01,2021-01-11
臺北市,信義區,6300200,2021-01-11,12:00:00,13,9,79,偏北風,2,<= 1,12,有雨,14,2021-01-11
臺北市,信義區,6300200,2021-01-11,15:00:00,12,9,82,西北風,1,<= 1,12,有雨,14,2021-01-11
臺北市,信義區,6300200,2021-01-11,18:00:00,11,8,82,西北風,1,<= 1,10,有雨,14,2021-01-11
臺北市,信義區,6300200,2021-01-11,21:00:00,10,7,79,西北風,1,<= 1,10,有雨,14,2021-01-11
臺北市,信義區,6300200,2021-01-12,00:00:00,10,6,73,偏西風,1,<= 1,10,短暫雨,08,2021-01-11
臺北市,信義區,6300200,2021-01-12,03:00:00,10,5,72,西南風,1,<= 1,9,短暫雨,08,2021-01-11
臺北市,信義區,6300200,2021-01-12,06:00:00,10,5,71,偏南風,1,<= 1,8,陰,07,2021-01-11
臺北市,信義區,6300200,2021-01-12,09:00:00,10,4,65,偏東風,1,<= 1,10,陰,07,2021-01-11
臺北市,信義區,6300200,2021-01-12,12:00:00,13,4,57,偏東風,2,2,11,多雲,04,2021-01-11
臺北市,信義區,6300200,2021-01-12,15:00:00,12,3,54,偏東風,3,2,10,晴,01,2021-01-11
臺北市,信義區,6300200,2021-01-12,18:00:00,10,4,66,偏東風,3,2,8,晴,01,2021-01-11
臺北市,信義區,6300200,2021-01-12,21:00:00,9,5,75,偏東風,3,2,7,晴,01,2021-01-11
臺北市,信義區,6300200,2021-01-13,00:00:00,9,5,77,偏東風,2,<= 1,7,晴,01,2021-01-11
臺北市,信義區,6300200,2021-01-13,03:00:00,8,5,79,偏東風,2,2,7,晴,01,2021-01-11
臺北市,信義區,6300200,2021-01-13,06:00:00,8,5,80,偏東風,1,<= 1,6,晴,01,2021-01-11
臺北市,信義區,6300200,2021-01-13,09:00:00,12,6,70,東北風,2,<= 1,11,晴,01,2021-01-11
臺北市,信義區,6300200,2021-01-13,12:00:00,20,11,56,偏東風,2,<= 1,19,晴,01,2021-01-11
臺北市,信義區,6300200,2021-01-13,15:00:00,20,12,61,東南風,2,<= 1,20,晴,01,2021-01-11
臺北市,信義區,6300200,2021-01-13,18:00:00,16,10,67,偏東風,1,<= 1,16,晴,01,2021-01-11
臺北市,信義區,6300200,2021-01-13,21:00:00,15,10,73,東北風,1,<= 1,14,晴,01,2021-01-11
臺北市,信義區,6300200,2021-01-14,00:00:00,14,10,74,東北風,1,<= 1,14,晴,01,2021-01-11
臺北市,信義區,6300200,2021-01-14,03:00:00,13,9,75,東北風,1,<= 1,13,晴,01,2021-01-11
臺北市,信義區,6300200,2021-01-14,06:00:00,12,9,78,東北風,1,<= 1,12,晴,01,2021-01-11
臺北市,信義區,6300200,2021-01-14,09:00:00,16,11,72,東北風,1,<= 1,16,晴,01,2021-01-11
臺北市,大安區,6300300,2021-01-11,12:00:00,13,10,82,西北風,2,2,12,有雨,14,2021-01-11
臺北市,大安區,6300300,2021-01-11,15:00:00,12,10,86,西北風,2,<= 1,11,有雨,14,2021-01-11
臺北市,大安區,6300300,2021-01-11,18:00:00,11,9,88,西北風,1,<= 1,10,有雨,14,2021-01-11
臺北市,大安區,6300300,2021-01-11,21:00:00,10,8,86,偏西風,1,<= 1,9,有雨,14,2021-01-11
臺北市,大安區,6300300,2021-01-12,00:00:00,10,7,80,偏西風,1,<= 1,9,短暫雨,08,2021-01-11
臺北市,大安區,6300300,2021-01-12,03:00:00,10,6,81,西南風,1,<= 1,9,短暫雨,08,2021-01-11
臺北市,大安區,6300300,2021-01-12,06:00:00,9,6,81,偏南風,1,<= 1,8,陰,07,2021-01-11
臺北市,大安區,6300300,2021-01-12,09:00:00,10,6,72,偏東風,1,<= 1,10,陰,07,2021-01-11
臺北市,大安區,6300300,2021-01-12,12:00:00,13,5,61,偏東風,2,2,12,多雲,04,2021-01-11
臺北市,大安區,6300300,2021-01-12,15:00:00,13,4,57,偏東風,3,2,11,晴,01,2021-01-11
臺北市,大安區,6300300,2021-01-12,18:00:00,10,6,73,偏東風,3,2,8,晴,01,2021-01-11
臺北市,大安區,6300300,2021-01-12,21:00:00,9,6,82,偏東風,2,2,7,晴,01,2021-01-11
臺北市,大安區,6300300,2021-01-13,00:00:00,9,6,84,偏東風,1,<= 1,7,晴,01,2021-01-11
臺北市,大安區,6300300,2021-01-13,03:00:00,8,6,87,偏東風,2,<= 1,7,晴,01,2021-01-11
臺北市,大安區,6300300,2021-01-13,06:00:00,8,6,88,偏東風,1,<= 1,6,晴,01,2021-01-11
臺北市,大安區,6300300,2021-01-13,09:00:00,12,7,75,東北風,2,<= 1,11,晴,01,2021-01-11
臺北市,大安區,6300300,2021-01-13,12:00:00,20,12,59,偏東風,2,<= 1,20,晴,01,2021-01-11
臺北市,大安區,6300300,2021-01-13,15:00:00,20,14,66,東南風,2,<= 1,20,晴,01,2021-01-11
臺北市,大安區,6300300,2021-01-13,18:00:00,16,11,72,偏東風,1,<= 1,16,晴,01,2021-01-11
臺北市,大安區,6300300,2021-01-13,21:00:00,15,11,80,偏東風,1,<= 1,14,晴,01,2021-01-11
臺北市,大安區,6300300,2021-01-14,00:00:00,14,11,82,東北風,1,<= 1,14,晴,01,2021-01-11
臺北市,大安區,6300300,2021-01-14,03:00:00,13,10,83,東北風,1,<= 1,13,晴,01,2021-01-11
臺北市,大安區,6300300,2021-01-14,06:00:00,12,10,86,偏東風,1,<= 1,12,晴,01,2021-01-11
臺北市,大安區,6300300,2021-01-14,09:00:00,16,12,79,東北風,1,<= 1,16,晴,01,2021-01-11
臺北市,中山區,6300400,2021-01-11,12:00:00,13,9,78,西北風,2,2,13,有雨,14,2021-01-11
臺北市,中山區,6300400,2021-01-11,15:00:00,13,10,81,西北風,2,<= 1,12,有雨,14,2021-01-11
臺北市,中山區,6300400,2021-01-11,18:00:00,12,9,83,西北風,1,<= 1,10,有雨,14,2021-01-11
臺北市,中山區,6300400,2021-01-11,21:00:00,11,8,81,偏西風,1,<= 1,10,有雨,14,2021-01-11
臺北市,中山區,6300400,2021-01-12,00:00:00,11,7,75,西南風,1,<= 1,10,短暫雨,08,2021-01-11
臺北市,中山區,6300400,2021-01-12,03:00:00,11,6,75,西南風,1,<= 1,10,短暫雨,08,2021-01-11
臺北市,中山區,6300400,2021-01-12,06:00:00,10,6,74,偏南風,1,<= 1,9,陰,07,2021-01-11
臺北市,中山區,6300400,2021-01-12,09:00:00,11,6,68,東南風,1,<= 1,10,陰,07,2021-01-11
臺北市,中山區,6300400,2021-01-12,12:00:00,13,6,59,偏東風,2,2,13,晴,01,2021-01-11
臺北市,中山區,6300400,2021-01-12,15:00:00,13,5,57,偏東風,3,2,11,晴,01,2021-01-11
臺北市,中山區,6300400,2021-01-12,18:00:00,11,6,70,偏東風,3,2,8,晴,01,2021-01-11
臺北市,中山區,6300400,2021-01-12,21:00:00,10,6,78,偏東風,3,2,8,晴,01,2021-01-11
臺北市,中山區,6300400,2021-01-13,00:00:00,10,6,80,偏東風,2,<= 1,8,晴,01,2021-01-11
臺北市,中山區,6300400,2021-01-13,03:00:00,9,6,82,偏東風,2,2,8,晴,01,2021-01-11
臺北市,中山區,6300400,2021-01-13,06:00:00,8,6,82,偏東風,1,<= 1,6,晴,01,2021-01-11
臺北市,中山區,6300400,2021-01-13,09:00:00,12,7,72,偏東風,2,2,11,晴,01,2021-01-11
臺北市,中山區,6300400,2021-01-13,12:00:00,20,12,60,偏東風,2,<= 1,20,晴,01,2021-01-11
臺北市,中山區,6300400,2021-01-13,15:00:00,20,14,65,東南風,2,2,21,晴,01,2021-01-11
臺北市,中山區,6300400,2021-01-13,18:00:00,17,11,70,偏東風,2,<= 1,16,晴,01,2021-01-11
臺北市,中山區,6300400,2021-01-13,21:00:00,15,11,75,偏東風,1,<= 1,15,晴,01,2021-01-11
臺北市,中山區,6300400,2021-01-14,00:00:00,15,11,76,東北風,1,<= 1,15,晴,01,2021-01-11
臺北市,中山區,6300400,2021-01-14,03:00:00,14,10,77,東北風,2,<= 1,14,晴,01,2021-01-11
臺北市,中山區,6300400,2021-01-14,06:00:00,13,10,79,偏東風,1,<= 1,12,晴,01,2021-01-11
臺北市,中山區,6300400,2021-01-14,09:00:00,16,12,73,偏東風,1,<= 1,17,晴,01,2021-01-11
臺北市,中正區,6300500,2021-01-11,12:00:00,13,10,82,西北風,2,2,12,有雨,14,2021-01-11
臺北市,中正區,6300500,2021-01-11,15:00:00,12,10,86,西北風,2,<= 1,11,有雨,14,2021-01-11
臺北市,中正區,6300500,2021-01-11,18:00:00,11,9,88,西北風,1,<= 1,10,有雨,14,2021-01-11
臺北市,中正區,6300500,2021-01-11,21:00:00,10,8,86,偏西風,1,<= 1,9,有雨,14,2021-01-11
臺北市,中正區,6300500,2021-01-12,00:00:00,10,7,80,偏西風,1,<= 1,9,短暫雨,08,2021-01-11
臺北市,中正區,6300500,2021-01-12,03:00:00,10,6,81,西南風,1,<= 1,9,短暫雨,08,2021-01-11
臺北市,中正區,6300500,2021-01-12,06:00:00,9,6,81,偏南風,1,<= 1,8,陰,07,2021-01-11
臺北市,中正區,6300500,2021-01-12,09:00:00,10,6,72,偏東風,1,<= 1,10,陰,07,2021-01-11
臺北市,中正區,6300500,2021-01-12,12:00:00,13,5,61,偏東風,2,2,12,多雲,04,2021-01-11
臺北市,中正區,6300500,2021-01-12,15:00:00,13,4,57,偏東風,3,2,11,晴,01,2021-01-11
臺北市,中正區,6300500,2021-01-12,18:00:00,10,6,73,偏東風,3,2,8,晴,01,2021-01-11
臺北市,中正區,6300500,2021-01-12,21:00:00,9,6,82,偏東風,2,2,7,晴,01,2021-01-11
臺北市,中正區,6300500,2021-01-13,00:00:00,9,6,84,偏東風,1,<= 1,7,晴,01,2021-01-11
臺北市,中正區,6300500,2021-01-13,03:00:00,8,6,87,偏東風,2,<= 1,7,晴,01,2021-01-11
臺北市,中正區,6300500,2021-01-13,06:00:00,8,6,88,偏東風,1,<= 1,6,晴,01,2021-01-11
臺北市,中正區,6300500,2021-01-13,09:00:00,12,7,75,東北風,2,<= 1,11,晴,01,2021-01-11
臺北市,中正區,6300500,2021-01-13,12:00:00,20,12,59,偏東風,2,<= 1,20,晴,01,2021-01-11
臺北市,中正區,6300500,2021-01-13,15:00:00,20,14,66,東南風,2,<= 1,20,晴,01,2021-01-11
臺北市,中正區,6300500,2021-01-13,18:00:00,16,11,72,偏東風,1,<= 1,16,晴,01,2021-01-11
臺北市,中正區,6300500,2021-01-13,21:00:00,15,11,80,偏東風,1,<= 1,14,晴,01,2021-01-11
臺北市,中正區,6300500,2021-01-14,00:00:00,14,11,82,東北風,1,<= 1,14,晴,01,2021-01-11
臺北市,中正區,6300500,2021-01-14,03:00:00,13,10,83,東北風,1,<= 1,13,晴,01,2021-01-11
臺北市,中正區,6300500,2021-01-14,06:00:00,12,10,86,偏東風,1,<= 1,12,晴,01,2021-01-11
臺北市,中正區,6300500,2021-01-14,09:00:00,16,12,79,東北風,1,<= 1,16,晴,01,2021-01-11
臺北市,大同區,6300600,2021-01-11,12:00:00,13,10,84,西北風,3,2,12,有雨,14,2021-01-11
臺北市,大同區,6300600,2021-01-11,15:00:00,12,10,85,西北風,2,2,11,有雨,14,2021-01-11
臺北市,大同區,6300600,2021-01-11,18:00:00,11,9,86,西北風,2,<= 1,10,有雨,14,2021-01-11
臺北市,大同區,6300600,2021-01-11,21:00:00,11,8,85,偏西風,1,<= 1,10,有雨,14,2021-01-11
臺北市,大同區,6300600,2021-01-12,00:00:00,11,7,78,偏南風,1,<= 1,10,短暫雨,08,2021-01-11
臺北市,大同區,6300600,2021-01-12,03:00:00,10,7,79,偏南風,1,<= 1,10,短暫雨,08,2021-01-11
臺北市,大同區,6300600,2021-01-12,06:00:00,10,7,79,偏南風,1,<= 1,9,陰,07,2021-01-11
臺北市,大同區,6300600,2021-01-12,09:00:00,11,6,72,東南風,1,<= 1,10,陰,07,2021-01-11
臺北市,大同區,6300600,2021-01-12,12:00:00,13,7,65,偏東風,2,<= 1,12,晴,01,2021-01-11
臺北市,大同區,6300600,2021-01-12,15:00:00,13,6,62,偏東風,3,2,12,晴,01,2021-01-11
臺北市,大同區,6300600,2021-01-12,18:00:00,10,6,74,偏東風,2,2,8,晴,01,2021-01-11
臺北市,大同區,6300600,2021-01-12,21:00:00,10,7,82,偏東風,2,2,8,晴,01,2021-01-11
臺北市,大同區,6300600,2021-01-13,00:00:00,10,7,84,東南風,1,<= 1,8,晴,01,2021-01-11
臺北市,大同區,6300600,2021-01-13,03:00:00,9,7,87,東南風,2,<= 1,8,晴,01,2021-01-11
臺北市,大同區,6300600,2021-01-13,06:00:00,8,6,88,偏東風,1,<= 1,7,晴,01,2021-01-11
臺北市,大同區,6300600,2021-01-13,09:00:00,12,8,76,偏東風,2,<= 1,11,晴,01,2021-01-11
臺北市,大同區,6300600,2021-01-13,12:00:00,20,13,65,偏東風,2,<= 1,20,晴,01,2021-01-11
臺北市,大同區,6300600,2021-01-13,15:00:00,20,14,69,東南風,2,2,20,晴,01,2021-01-11
臺北市,大同區,6300600,2021-01-13,18:00:00,16,11,73,偏東風,2,<= 1,16,晴,01,2021-01-11
臺北市,大同區,6300600,2021-01-13,21:00:00,15,12,78,偏東風,1,<= 1,15,晴,01,2021-01-11
臺北市,大同區,6300600,2021-01-14,00:00:00,15,11,80,東北風,1,<= 1,15,晴,01,2021-01-11
臺北市,大同區,6300600,2021-01-14,03:00:00,14,11,81,東北風,1,<= 1,14,晴,01,2021-01-11
臺北市,大同區,6300600,2021-01-14,06:00:00,13,10,84,偏東風,1,<= 1,13,晴,01,2021-01-11
臺北市,大同區,6300600,2021-01-14,09:00:00,16,13,79,偏東風,1,<= 1,17,晴,01,2021-01-11
臺北市,萬華區,6300700,2021-01-11,12:00:00,13,10,82,西北風,3,2,12,有雨,14,2021-01-11
臺北市,萬華區,6300700,2021-01-11,15:00:00,13,10,82,西北風,2,<= 1,11,有雨,14,2021-01-11
臺北市,萬華區,6300700,2021-01-11,18:00:00,12,9,86,西北風,2,<= 1,11,有雨,14,2021-01-11
臺北市,萬華區,6300700,2021-01-11,21:00:00,11,9,87,偏西風,1,<= 1,10,有雨,14,2021-01-11
臺北市,萬華區,6300700,2021-01-12,00:00:00,11,8,81,西南風,1,<= 1,10,短暫雨,08,2021-01-11
臺北市,萬華區,6300700,2021-01-12,03:00:00,10,7,81,偏南風,1,<= 1,10,短暫雨,08,2021-01-11
臺北市,萬華區,6300700,2021-01-12,06:00:00,10,7,83,偏南風,1,<= 1,10,陰,07,2021-01-11
臺北市,萬華區,6300700,2021-01-12,09:00:00,11,7,74,偏東風,1,<= 1,10,陰,07,2021-01-11
臺北市,萬華區,6300700,2021-01-12,12:00:00,14,7,65,偏東風,2,2,13,多雲,04,2021-01-11
臺北市,萬華區,6300700,2021-01-12,15:00:00,13,6,62,偏東風,3,2,12,晴,01,2021-01-11
臺北市,萬華區,6300700,2021-01-12,18:00:00,11,6,74,偏東風,3,2,9,晴,01,2021-01-11
臺北市,萬華區,6300700,2021-01-12,21:00:00,10,7,82,偏東風,2,<= 1,8,晴,01,2021-01-11
臺北市,萬華區,6300700,2021-01-13,00:00:00,10,7,86,偏東風,1,<= 1,8,晴,01,2021-01-11
臺北市,萬華區,6300700,2021-01-13,03:00:00,9,7,89,東南風,2,<= 1,8,晴,01,2021-01-11
臺北市,萬華區,6300700,2021-01-13,06:00:00,8,7,91,偏東風,1,<= 1,7,晴,01,2021-01-11
臺北市,萬華區,6300700,2021-01-13,09:00:00,12,9,79,東北風,2,<= 1,12,晴,01,2021-01-11
臺北市,萬華區,6300700,2021-01-13,12:00:00,21,13,61,偏東風,2,<= 1,21,晴,01,2021-01-11
臺北市,萬華區,6300700,2021-01-13,15:00:00,21,15,69,東南風,2,2,22,晴,01,2021-01-11
臺北市,萬華區,6300700,2021-01-13,18:00:00,17,12,74,偏東風,1,<= 1,16,晴,01,2021-01-11
臺北市,萬華區,6300700,2021-01-13,21:00:00,16,12,79,偏東風,1,<= 1,16,晴,01,2021-01-11
臺北市,萬華區,6300700,2021-01-14,00:00:00,15,12,80,東北風,1,<= 1,15,晴,01,2021-01-11
臺北市,萬華區,6300700,2021-01-14,03:00:00,14,11,84,東北風,1,<= 1,14,晴,01,2021-01-11
臺北市,萬華區,6300700,2021-01-14,06:00:00,13,11,90,偏東風,1,<= 1,13,晴,01,2021-01-11
臺北市,萬華區,6300700,2021-01-14,09:00:00,16,14,84,東北風,1,<= 1,17,晴,01,2021-01-11
臺北市,文山區,6300800,2021-01-11,12:00:00,12,10,88,偏北風,2,2,12,有雨,14,2021-01-11
臺北市,文山區,6300800,2021-01-11,15:00:00,12,10,89,偏北風,1,<= 1,11,有雨,14,2021-01-11
臺北市,文山區,6300800,2021-01-11,18:00:00,10,8,88,偏北風,1,<= 1,9,有雨,14,2021-01-11
臺北市,文山區,6300800,2021-01-11,21:00:00,10,8,89,偏北風,1,<= 1,9,有雨,14,2021-01-11
臺北市,文山區,6300800,2021-01-12,00:00:00,9,7,85,西北風,1,<= 1,8,短暫雨,08,2021-01-11
臺北市,文山區,6300800,2021-01-12,03:00:00,9,7,88,西南風,1,<= 1,8,短暫雨,08,2021-01-11
臺北市,文山區,6300800,2021-01-12,06:00:00,9,7,91,西南風,0,<= 1,8,陰,07,2021-01-11
臺北市,文山區,6300800,2021-01-12,09:00:00,10,7,85,偏北風,2,<= 1,9,陰,07,2021-01-11
臺北市,文山區,6300800,2021-01-12,12:00:00,12,6,69,東北風,3,2,11,多雲,04,2021-01-11
臺北市,文山區,6300800,2021-01-12,15:00:00,12,6,68,東北風,3,2,10,晴,01,2021-01-11
臺北市,文山區,6300800,2021-01-12,18:00:00,10,6,80,偏東風,3,2,7,晴,01,2021-01-11
臺北市,文山區,6300800,2021-01-12,21:00:00,9,6,86,偏東風,3,2,6,晴,01,2021-01-11
臺北市,文山區,6300800,2021-01-13,00:00:00,8,6,86,東南風,3,2,6,晴,01,2021-01-11
臺北市,文山區,6300800,2021-01-13,03:00:00,8,6,90,東南風,3,2,6,晴,01,2021-01-11
臺北市,文山區,6300800,2021-01-13,06:00:00,7,6,93,東南風,2,<= 1,5,晴,01,2021-01-11
臺北市,文山區,6300800,2021-01-13,09:00:00,11,8,85,偏東風,1,<= 1,10,晴,01,2021-01-11
臺北市,文山區,6300800,2021-01-13,12:00:00,19,13,68,偏東風,2,<= 1,19,晴,01,2021-01-11
臺北市,文山區,6300800,2021-01-13,15:00:00,19,14,72,東南風,3,2,19,晴,01,2021-01-11
臺北市,文山區,6300800,2021-01-13,18:00:00,15,12,81,東南風,3,2,14,晴,01,2021-01-11
臺北市,文山區,6300800,2021-01-13,21:00:00,14,12,85,東南風,3,2,12,晴,01,2021-01-11
臺北市,文山區,6300800,2021-01-14,00:00:00,14,11,86,東南風,3,2,12,晴,01,2021-01-11
臺北市,文山區,6300800,2021-01-14,03:00:00,13,11,88,東南風,3,2,12,晴,01,2021-01-11
臺北市,文山區,6300800,2021-01-14,06:00:00,12,11,92,東南風,2,<= 1,10,晴,01,2021-01-11
臺北市,文山區,6300800,2021-01-14,09:00:00,15,13,88,偏東風,1,<= 1,15,晴,01,2021-01-11
臺北市,南港區,6300900,2021-01-11,12:00:00,13,12,95,東北風,2,<= 1,13,有雨,14,2021-01-11
臺北市,南港區,6300900,2021-01-11,15:00:00,12,12,95,西北風,1,<= 1,12,有雨,14,2021-01-11
臺北市,南港區,6300900,2021-01-11,18:00:00,11,10,94,偏西風,1,<= 1,11,有雨,14,2021-01-11
臺北市,南港區,6300900,2021-01-11,21:00:00,10,9,92,東北風,1,<= 1,10,有雨,14,2021-01-11
臺北市,南港區,6300900,2021-01-12,00:00:00,10,8,87,西北風,1,<= 1,10,短暫雨,08,2021-01-11
臺北市,南港區,6300900,2021-01-12,03:00:00,10,8,84,西南風,1,<= 1,10,短暫雨,08,2021-01-11
臺北市,南港區,6300900,2021-01-12,06:00:00,10,7,83,西南風,1,<= 1,9,陰,07,2021-01-11
臺北市,南港區,6300900,2021-01-12,09:00:00,11,8,81,偏東風,1,<= 1,10,陰,07,2021-01-11
臺北市,南港區,6300900,2021-01-12,12:00:00,12,8,72,東北風,2,2,12,晴,01,2021-01-11
臺北市,南港區,6300900,2021-01-12,15:00:00,12,7,71,偏東風,3,2,11,晴,01,2021-01-11
臺北市,南港區,6300900,2021-01-12,18:00:00,10,7,82,偏東風,2,<= 1,8,晴,01,2021-01-11
臺北市,南港區,6300900,2021-01-12,21:00:00,9,8,90,偏東風,2,<= 1,8,晴,01,2021-01-11
臺北市,南港區,6300900,2021-01-13,00:00:00,9,8,91,偏東風,2,<= 1,8,晴,01,2021-01-11
臺北市,南港區,6300900,2021-01-13,03:00:00,9,7,92,偏東風,2,2,7,晴,01,2021-01-11
臺北市,南港區,6300900,2021-01-13,06:00:00,8,7,94,東北風,1,<= 1,6,晴,01,2021-01-11
臺北市,南港區,6300900,2021-01-13,09:00:00,12,10,85,東北風,2,2,12,晴,01,2021-01-11
臺北市,南港區,6300900,2021-01-13,12:00:00,19,14,69,東北風,2,<= 1,19,晴,01,2021-01-11
臺北市,南港區,6300900,2021-01-13,15:00:00,19,15,74,偏東風,2,<= 1,20,晴,01,2021-01-11
臺北市,南港區,6300900,2021-01-13,18:00:00,16,13,84,偏東風,2,<= 1,16,晴,01,2021-01-11
臺北市,南港區,6300900,2021-01-13,21:00:00,14,13,88,偏東風,2,<= 1,14,晴,01,2021-01-11
臺北市,南港區,6300900,2021-01-14,00:00:00,14,12,89,東北風,2,<= 1,14,晴,01,2021-01-11
臺北市,南港區,6300900,2021-01-14,03:00:00,14,12,89,東北風,2,<= 1,13,晴,01,2021-01-11
臺北市,南港區,6300900,2021-01-14,06:00:00,13,12,93,東北風,1,<= 1,12,晴,01,2021-01-11
臺北市,南港區,6300900,2021-01-14,09:00:00,16,14,88,東北風,1,<= 1,17,晴,01,2021-01-11
臺北市,內湖區,6301000,2021-01-11,12:00:00,13,12,90,東北風,1,<= 1,13,有雨,14,2021-01-11
臺北市,內湖區,6301000,2021-01-11,15:00:00,13,11,91,偏西風,1,<= 1,12,有雨,14,2021-01-11
臺北市,內湖區,6301000,2021-01-11,18:00:00,11,10,91,西北風,1,<= 1,11,有雨,14,2021-01-11
臺北市,內湖區,6301000,2021-01-11,21:00:00,11,9,89,東北風,1,<= 1,10,有雨,14,2021-01-11
臺北市,內湖區,6301000,2021-01-12,00:00:00,11,8,84,偏西風,1,<= 1,10,短暫雨,08,2021-01-11
臺北市,內湖區,6301000,2021-01-12,03:00:00,10,7,82,西南風,1,<= 1,10,短暫雨,08,2021-01-11
臺北市,內湖區,6301000,2021-01-12,06:00:00,10,7,82,偏南風,1,<= 1,9,陰,07,2021-01-11
臺北市,內湖區,6301000,2021-01-12,09:00:00,11,8,79,東南風,1,<= 1,10,陰,07,2021-01-11
臺北市,內湖區,6301000,2021-01-12,12:00:00,13,8,71,偏東風,2,2,12,晴,01,2021-01-11
臺北市,內湖區,6301000,2021-01-12,15:00:00,13,7,69,偏東風,3,2,11,晴,01,2021-01-11
臺北市,內湖區,6301000,2021-01-12,18:00:00,10,7,80,偏東風,2,2,8,晴,01,2021-01-11
臺北市,內湖區,6301000,2021-01-12,21:00:00,10,7,86,偏東風,2,2,8,晴,01,2021-01-11
臺北市,內湖區,6301000,2021-01-13,00:00:00,9,7,88,偏東風,2,2,8,晴,01,2021-01-11
臺北市,內湖區,6301000,2021-01-13,03:00:00,9,7,89,偏東風,2,2,7,晴,01,2021-01-11
臺北市,內湖區,6301000,2021-01-13,06:00:00,8,7,89,偏東風,2,<= 1,6,晴,01,2021-01-11
臺北市,內湖區,6301000,2021-01-13,09:00:00,12,9,82,東北風,2,2,11,晴,01,2021-01-11
臺北市,內湖區,6301000,2021-01-13,12:00:00,20,14,70,東北風,2,<= 1,20,晴,01,2021-01-11
臺北市,內湖區,6301000,2021-01-13,15:00:00,20,15,74,偏東風,2,<= 1,20,晴,01,2021-01-11
臺北市,內湖區,6301000,2021-01-13,18:00:00,16,13,80,東北風,1,<= 1,16,晴,01,2021-01-11
臺北市,內湖區,6301000,2021-01-13,21:00:00,15,12,85,東北風,2,<= 1,15,晴,01,2021-01-11
臺北市,內湖區,6301000,2021-01-14,00:00:00,14,12,85,東北風,2,<= 1,14,晴,01,2021-01-11
臺北市,內湖區,6301000,2021-01-14,03:00:00,14,11,86,東北風,2,<= 1,13,晴,01,2021-01-11
臺北市,內湖區,6301000,2021-01-14,06:00:00,13,11,88,東北風,2,<= 1,12,晴,01,2021-01-11
臺北市,內湖區,6301000,2021-01-14,09:00:00,16,14,83,東北風,1,<= 1,17,晴,01,2021-01-11
臺北市,士林區,6301100,2021-01-11,12:00:00,13,10,81,偏西風,2,2,13,有雨,14,2021-01-11
臺北市,士林區,6301100,2021-01-11,15:00:00,13,10,82,偏西風,2,<= 1,12,有雨,14,2021-01-11
臺北市,士林區,6301100,2021-01-11,18:00:00,12,9,84,偏西風,1,<= 1,10,有雨,14,2021-01-11
臺北市,士林區,6301100,2021-01-11,21:00:00,11,8,81,西南風,1,<= 1,10,有雨,14,2021-01-11
臺北市,士林區,6301100,2021-01-12,00:00:00,11,7,76,偏南風,1,<= 1,10,短暫雨,08,2021-01-11
臺北市,士林區,6301100,2021-01-12,03:00:00,11,7,76,偏南風,1,<= 1,10,短暫雨,08,2021-01-11
臺北市,士林區,6301100,2021-01-12,06:00:00,10,6,73,偏南風,1,<= 1,9,陰,07,2021-01-11
臺北市,士林區,6301100,2021-01-12,09:00:00,11,6,68,偏南風,1,<= 1,11,陰,07,2021-01-11
臺北市,士林區,6301100,2021-01-12,12:00:00,13,6,62,偏東風,2,<= 1,13,晴,01,2021-01-11
臺北市,士林區,6301100,2021-01-12,15:00:00,13,6,60,偏東風,3,2,12,晴,01,2021-01-11
臺北市,士林區,6301100,2021-01-12,18:00:00,10,6,72,偏東風,2,2,8,晴,01,2021-01-11
臺北市,士林區,6301100,2021-01-12,21:00:00,10,6,79,偏東風,3,2,8,晴,01,2021-01-11
臺北市,士林區,6301100,2021-01-13,00:00:00,10,6,81,偏東風,2,2,8,晴,01,2021-01-11
臺北市,士林區,6301100,2021-01-13,03:00:00,9,6,84,偏東風,2,2,7,晴,01,2021-01-11
臺北市,士林區,6301100,2021-01-13,06:00:00,8,6,84,偏東風,2,<= 1,6,晴,01,2021-01-11
臺北市,士林區,6301100,2021-01-13,09:00:00,13,8,74,偏東風,2,2,12,晴,01,2021-01-11
臺北市,士林區,6301100,2021-01-13,12:00:00,20,13,64,偏東風,2,<= 1,20,晴,01,2021-01-11
臺北市,士林區,6301100,2021-01-13,15:00:00,20,14,69,偏東風,2,2,20,晴,01,2021-01-11
臺北市,士林區,6301100,2021-01-13,18:00:00,16,11,71,偏東風,2,2,16,晴,01,2021-01-11
臺北市,士林區,6301100,2021-01-13,21:00:00,15,11,76,偏東風,2,<= 1,15,晴,01,2021-01-11
臺北市,士林區,6301100,2021-01-14,00:00:00,15,11,77,東北風,1,<= 1,15,晴,01,2021-01-11
臺北市,士林區,6301100,2021-01-14,03:00:00,14,10,78,東北風,2,2,14,晴,01,2021-01-11
臺北市,士林區,6301100,2021-01-14,06:00:00,13,10,80,偏東風,1,<= 1,12,晴,01,2021-01-11
臺北市,士林區,6301100,2021-01-14,09:00:00,17,13,75,偏東風,1,<= 1,17,晴,01,2021-01-11
臺北市,北投區,6301200,2021-01-11,12:00:00,12,8,76,偏西風,3,2,11,有雨,14,2021-01-11
臺北市,北投區,6301200,2021-01-11,15:00:00,12,8,76,西南風,2,2,10,有雨,14,2021-01-11
臺北市,北投區,6301200,2021-01-11,18:00:00,11,7,76,西南風,2,2,9,有雨,14,2021-01-11
臺北市,北投區,6301200,2021-01-11,21:00:00,10,6,75,偏南風,2,<= 1,9,有雨,14,2021-01-11
臺北市,北投區,6301200,2021-01-12,00:00:00,10,5,70,東南風,2,<= 1,9,短暫雨,08,2021-01-11
臺北市,北投區,6301200,2021-01-12,03:00:00,10,5,70,東南風,2,<= 1,8,陰,07,2021-01-11
臺北市,北投區,6301200,2021-01-12,06:00:00,10,3,62,東南風,1,<= 1,8,陰,07,2021-01-11
臺北市,北投區,6301200,2021-01-12,09:00:00,11,3,58,東南風,2,<= 1,9,陰,07,2021-01-11
臺北市,北投區,6301200,2021-01-12,12:00:00,13,5,61,東北風,2,<= 1,11,晴,01,2021-01-11
臺北市,北投區,6301200,2021-01-12,15:00:00,12,3,55,偏東風,2,2,10,晴,01,2021-01-11
臺北市,北投區,6301200,2021-01-12,18:00:00,10,4,68,偏東風,3,2,8,晴,01,2021-01-11
臺北市,北投區,6301200,2021-01-12,21:00:00,9,5,73,偏東風,4,3,7,晴,01,2021-01-11
臺北市,北投區,6301200,2021-01-13,00:00:00,9,5,77,偏東風,3,2,6,晴,01,2021-01-11
臺北市,北投區,6301200,2021-01-13,03:00:00,8,5,81,偏東風,3,2,6,晴,01,2021-01-11
臺北市,北投區,6301200,2021-01-13,06:00:00,8,4,79,偏東風,3,2,5,晴,01,2021-01-11
臺北市,北投區,6301200,2021-01-13,09:00:00,13,7,70,東南風,3,2,11,晴,01,2021-01-11
臺北市,北投區,6301200,2021-01-13,12:00:00,20,13,64,東南風,2,2,19,晴,01,2021-01-11
臺北市,北投區,6301200,2021-01-13,15:00:00,19,12,65,偏東風,3,2,19,晴,01,2021-01-11
臺北市,北投區,6301200,2021-01-13,18:00:00,16,10,67,偏東風,3,2,14,晴,01,2021-01-11
臺北市,北投區,6301200,2021-01-13,21:00:00,15,10,72,偏東風,3,2,14,晴,01,2021-01-11
臺北市,北投區,6301200,2021-01-14,00:00:00,15,10,73,偏東風,3,2,14,晴,01,2021-01-11
臺北市,北投區,6301200,2021-01-14,03:00:00,14,9,73,偏東風,3,2,12,晴,01,2021-01-11
臺北市,北投區,6301200,2021-01-14,06:00:00,13,8,72,偏東風,3,2,12,晴,01,2021-01-11
臺北市,北投區,6301200,2021-01-14,09:00:00,17,11,68,東南風,2,2,16,晴,01,2021-01-11
