<?xml version="1.0" encoding="utf-8"?>
<cwbopendata xmlns="urn:cwb:gov:tw:cwbcommon:0.1">
  <identifier>2f96c3ae-2005-4c39-a74b-df7d25a61ba0</identifier>
  <sender>weather@cwb.gov.tw</sender>
  <sent>2021-01-06T12:20:40+08:00</sent>
  <status>Actual</status>
  <scope>Public</scope>
  <msgType>Issue</msgType>
  <dataid>null</dataid>
  <source>MFC</source>
  <dataset>
    <datasetInfo>
      <datasetDescription>臺灣各縣市鄉鎮未來1週逐24小時天氣預報</datasetDescription>
      <datasetLanguage>zh-TW</datasetLanguage>
      <issueTime>2021-01-06T11:00:00+08:00</issueTime>
      <validTime>
        <startTime>2021-01-06T12:00:00+08:00</startTime>
        <endTime>2021-01-14T11:00:00+08:00</endTime>
      </validTime>
      <update>2021-01-06T12:20:40+08:00</update>
    </datasetInfo>
    <locations>
      <locationsName>嘉義市</locationsName>
      <location>
        <locationName>東區</locationName>
        <geocode>1002001</geocode>
        <lat>23.480384</lat>
        <lon>120.445361</lon>
        <weatherElement>
          <elementName>T</elementName>
          <description>平均溫度</description>
          <time>
            <startTime>2021-01-06T12:00:00+08:00</startTime>
            <endTime>2021-01-07T00:00:00+08:00</endTime>
            <elementValue>
              <value>19</value>
              <measures>攝氏度</measures>
            </elementValue>
          </time>
          <time>
            <startTime>2021-01-07T00:00:00+08:00</startTime>
            <endTime>2021-01-08T00:00:00+08:00</endTime>
            <elementValue>
              <value>14</value>
              <measures>攝氏度</measures>
            </elementValue>
          </time>
          <time>
            <startTime>2021-01-08T00:00:00+08:00</startTime>
            <endTime>2021-01-09T00:00:00+08:00</endTime>
            <elementValue>
              <value>10</value>
              <measures>攝氏度</measures>
            </elementValue>
          </time>
          <time>
            <startTime>2021-01-09T00:00:00+08:00</startTime>
            <endTime>2021-01-10T00:00:00+08:00</endTime>
            <elementValue>
              <value>11</value>
              <measures>攝氏度</measures>
            </elementValue>
          </time>
          <time>
            <startTime>2021-01-10T00:00:00+08:00</startTime>
            <endTime>2021-01-11T00:00:00+08:00</endTime>
            <elementValue>
              <value>15</value>
              <measures>攝氏度</measures>
            </elementValue>
          </time>
          <time>
            <startTime>2021-01-11T00:00:00+08:00</startTime>
            <endTime>2021-01-12T00:00:00+08:00</endTime>
            <elementValue>
              <value>14</value>
              <measures>攝氏度</measures>
            </elementValue>
          </time>
          <time>
            <startTime>2021-01-12T00:00:00+08:00</startTime>
            <endTime>2021-01-13T00:00:00+08:00</endTime>
            <elementValue>
              <value>14</value>
              <measures>攝氏度</measures>
            </elementValue>
          </time>
        </weatherElement>
        <weatherElement>
          <elementName>Td</elementName>
          <description>平均露點溫度</description>
          <time>
            <startTime>2021-01-06T12:00:00+08:00</startTime>
            <endTime>2021-01-07T00:00:00+08:00</endTime>
            <elementValue>
              <value>13</value>
              <measures>攝氏度</measures>
            </elementValue>
          </time>
          <time>
            <startTime>2021-01-07T00:00:00+08:00</startTime>
            <endTime>2021-01-08T00:00:00+08:00</endTime>
            <elementValue>
              <value>10</value>
              <measures>攝氏度</measures>
            </elementValue>
          </time>
          <time>
            <startTime>2021-01-08T00:00:00+08:00</startTime>
            <endTime>2021-01-09T00:00:00+08:00</endTime>
            <elementValue>
              <value>5</value>
              <measures>攝氏度</measures>
            </elementValue>
          </time>
          <time>
            <startTime>2021-01-09T00:00:00+08:00</startTime>
            <endTime>2021-01-10T00:00:00+08:00</endTime>
            <elementValue>
              <value>5</value>
              <measures>攝氏度</measures>
            </elementValue>
          </time>
          <time>
            <startTime>2021-01-10T00:00:00+08:00</startTime>
            <endTime>2021-01-11T00:00:00+08:00</endTime>
            <elementValue>
              <value>9</value>
              <measures>攝氏度</measures>
            </elementValue>
          </time>
          <time>
            <startTime>2021-01-11T00:00:00+08:00</startTime>
            <endTime>2021-01-12T00:00:00+08:00</endTime>
            <elementValue>
              <value>9</value>
              <measures>攝氏度</measures>
            </elementValue>
          </time>
          <time>
            <startTime>2021-01-12T00:00:00+08:00</startTime>
            <endTime>2021-01-13T00:00:00+08:00</endTime>
            <elementValue>
              <value>7</value>
              <measures>攝氏度</measures>
            </elementValue>
          </time>
        </weatherElement>
        <weatherElement>
          <elementName>RH</elementName>
          <description>平均相對濕度</description>
          <time>
            <startTime>2021-01-06T12:00:00+08:00</startTime>
            <endTime>2021-01-07T00:00:00+08:00</endTime>
            <elementValue>
              <value>67</value>
              <measures>百分比</measures>
            </elementValue>
          </time>
          <time>
            <startTime>2021-01-07T00:00:00+08:00</startTime>
            <endTime>2021-01-08T00:00:00+08:00</endTime>
            <elementValue>
              <value>76</value>
              <measures>百分比</measures>
            </elementValue>
          </time>
          <time>
            <startTime>2021-01-08T00:00:00+08:00</startTime>
            <endTime>2021-01-09T00:00:00+08:00</endTime>
            <elementValue>
              <value>74</value>
              <measures>百分比</measures>
            </elementValue>
          </time>
          <time>
            <startTime>2021-01-09T00:00:00+08:00</startTime>
            <endTime>2021-01-10T00:00:00+08:00</endTime>
            <elementValue>
              <value>68</value>
              <measures>百分比</measures>
            </elementValue>
          </time>
          <time>
            <startTime>2021-01-10T00:00:00+08:00</startTime>
            <endTime>2021-01-11T00:00:00+08:00</endTime>
            <elementValue>
              <value>70</value>
              <measures>百分比</measures>
            </elementValue>
          </time>
          <time>
            <startTime>2021-01-11T00:00:00+08:00</startTime>
            <endTime>2021-01-12T00:00:00+08:00</endTime>
            <elementValue>
              <value>75</value>
              <measures>百分比</measures>
            </elementValue>
          </time>
          <time>
            <startTime>2021-01-12T00:00:00+08:00</startTime>
            <endTime>2021-01-13T00:00:00+08:00</endTime>
            <elementValue>
              <value>66</value>
              <measures>百分比</measures>
            </elementValue>
          </time>
        </weatherElement>
        <weatherElement>
          <elementName>MaxT</elementName>
          <description>最高溫度</description>
          <time>
            <startTime>2021-01-06T12:00:00+08:00</startTime>
            <endTime>2021-01-07T00:00:00+08:00</endTime>
            <elementValue>
              <value>23</value>
              <measures>攝氏度</measures>
            </elementValue>
          </time>
          <time>
            <startTime>2021-01-07T00:00:00+08:00</startTime>
            <endTime>2021-01-08T00:00:00+08:00</endTime>
            <elementValue>
              <value>16</value>
              <measures>攝氏度</measures>
            </elementValue>
          </time>
          <time>
            <startTime>2021-01-08T00:00:00+08:00</startTime>
            <endTime>2021-01-09T00:00:00+08:00</endTime>
            <elementValue>
              <value>13</value>
              <measures>攝氏度</measures>
            </elementValue>
          </time>
          <time>
            <startTime>2021-01-09T00:00:00+08:00</startTime>
            <endTime>2021-01-10T00:00:00+08:00</endTime>
            <elementValue>
              <value>17</value>
              <measures>攝氏度</measures>
            </elementValue>
          </time>
          <time>
            <startTime>2021-01-10T00:00:00+08:00</startTime>
            <endTime>2021-01-11T00:00:00+08:00</endTime>
            <elementValue>
              <value>20</value>
              <measures>攝氏度</measures>
            </elementValue>
          </time>
          <time>
            <startTime>2021-01-11T00:00:00+08:00</startTime>
            <endTime>2021-01-12T00:00:00+08:00</endTime>
            <elementValue>
              <value>17</value>
              <measures>攝氏度</measures>
            </elementValue>
          </time>
          <time>
            <startTime>2021-01-12T00:00:00+08:00</startTime>
            <endTime>2021-01-13T00:00:00+08:00</endTime>
            <elementValue>
              <value>20</value>
              <measures>攝氏度</measures>
            </elementValue>
          </time>
        </weatherElement>
        <weatherElement>
          <elementName>MinT</elementName>
          <description>最低溫度</description>
          <time>
            <startTime>2021-01-06T12:00:00+08:00</startTime>
            <endTime>2021-01-07T00:00:00+08:00</endTime>
            <elementValue>
              <value>15</value>
              <measures>攝氏度</measures>
            </elementValue>
          </time>
          <time>
            <startTime>2021-01-07T00:00:00+08:00</startTime>
            <endTime>2021-01-08T00:00:00+08:00</endTime>
            <elementValue>
              <value>10</value>
              <measures>攝氏度</measures>
            </elementValue>
          </time>
          <time>
            <startTime>2021-01-08T00:00:00+08:00</startTime>
            <endTime>2021-01-09T00:00:00+08:00</endTime>
            <elementValue>
              <value>8</value>
              <measures>攝氏度</measures>
            </elementValue>
          </time>
          <time>
            <startTime>2021-01-09T00:00:00+08:00</startTime>
            <endTime>2021-01-10T00:00:00+08:00</endTime>
            <elementValue>
              <value>7</value>
              <measures>攝氏度</measures>
            </elementValue>
          </time>
          <time>
            <startTime>2021-01-10T00:00:00+08:00</startTime>
            <endTime>2021-01-11T00:00:00+08:00</endTime>
            <elementValue>
              <value>11</value>
              <measures>攝氏度</measures>
            </elementValue>
          </time>
          <time>
            <startTime>2021-01-11T00:00:00+08:00</startTime>
            <endTime>2021-01-12T00:00:00+08:00</endTime>
            <elementValue>
              <value>11</value>
              <measures>攝氏度</measures>
            </elementValue>
          </time>
          <time>
            <startTime>2021-01-12T00:00:00+08:00</startTime>
            <endTime>2021-01-13T00:00:00+08:00</endTime>
            <elementValue>
              <value>10</value>
              <measures>攝氏度</measures>
            </elementValue>
          </time>
        </weatherElement>
        <weatherElement>
          <elementName>MaxAT</elementName>
          <description>最高體感溫度</description>
          <time>
            <startTime>2021-01-06T12:00:00+08:00</startTime>
            <endTime>2021-01-07T00:00:00+08:00</endTime>
            <elementValue>
              <value>22</value>
              <measures>攝氏度</measures>
            </elementValue>
          </time>
          <time>
            <startTime>2021-01-07T00:00:00+08:00</startTime>
            <endTime>2021-01-08T00:00:00+08:00</endTime>
            <elementValue>
              <value>14</value>
              <measures>攝氏度</measures>
            </elementValue>
          </time>
          <time>
            <startTime>2021-01-08T00:00:00+08:00</startTime>
            <endTime>2021-01-09T00:00:00+08:00</endTime>
            <elementValue>
              <value>10</value>
              <measures>攝氏度</measures>
            </elementValue>
          </time>
          <time>
            <startTime>2021-01-09T00:00:00+08:00</startTime>
            <endTime>2021-01-10T00:00:00+08:00</endTime>
            <elementValue>
              <value>15</value>
              <measures>攝氏度</measures>
            </elementValue>
          </time>
          <time>
            <startTime>2021-01-10T00:00:00+08:00</startTime>
            <endTime>2021-01-11T00:00:00+08:00</endTime>
            <elementValue>
              <value>19</value>
              <measures>攝氏度</measures>
            </elementValue>
          </time>
          <time>
            <startTime>2021-01-11T00:00:00+08:00</startTime>
            <endTime>2021-01-12T00:00:00+08:00</endTime>
            <elementValue>
              <value>13</value>
              <measures>攝氏度</measures>
            </elementValue>
          </time>
          <time>
            <startTime>2021-01-12T00:00:00+08:00</startTime>
            <endTime>2021-01-13T00:00:00+08:00</endTime>
            <elementValue>
              <value>18</value>
              <measures>攝氏度</measures>
            </elementValue>
          </time>
        </weatherElement>
        <weatherElement>
          <elementName>MinAT</elementName>
          <description>最低體感溫度</description>
          <time>
            <startTime>2021-01-06T12:00:00+08:00</startTime>
            <endTime>2021-01-07T00:00:00+08:00</endTime>
            <elementValue>
              <value>14</value>
              <measures>攝氏度</measures>
            </elementValue>
          </time>
          <time>
            <startTime>2021-01-07T00:00:00+08:00</startTime>
            <endTime>2021-01-08T00:00:00+08:00</endTime>
            <elementValue>
              <value>5</value>
              <measures>攝氏度</measures>
            </elementValue>
          </time>
          <time>
            <startTime>2021-01-08T00:00:00+08:00</startTime>
            <endTime>2021-01-09T00:00:00+08:00</endTime>
            <elementValue>
              <value>4</value>
              <measures>攝氏度</measures>
            </elementValue>
          </time>
          <time>
            <startTime>2021-01-09T00:00:00+08:00</startTime>
            <endTime>2021-01-10T00:00:00+08:00</endTime>
            <elementValue>
              <value>4</value>
              <measures>攝氏度</measures>
            </elementValue>
          </time>
          <time>
            <startTime>2021-01-10T00:00:00+08:00</startTime>
            <endTime>2021-01-11T00:00:00+08:00</endTime>
            <elementValue>
              <value>8</value>
              <measures>攝氏度</measures>
            </elementValue>
          </time>
          <time>
            <startTime>2021-01-11T00:00:00+08:00</startTime>
            <endTime>2021-01-12T00:00:00+08:00</endTime>
            <elementValue>
              <value>8</value>
              <measures>攝氏度</measures>
            </elementValue>
          </time>
          <time>
            <startTime>2021-01-12T00:00:00+08:00</startTime>
            <endTime>2021-01-13T00:00:00+08:00</endTime>
            <elementValue>
              <value>6</value>
              <measures>攝氏度</measures>
            </elementValue>
          </time>
        </weatherElement>
        <weatherElement>
          <elementName>MaxCI</elementName>
          <description>最大舒適度指數</description>
          <time>
            <startTime>2021-01-06T12:00:00+08:00</startTime>
            <endTime>2021-01-07T00:00:00+08:00</endTime>
            <elementValue>
              <value>21</value>
              <measures>NA</measures>
            </elementValue>
          </time>
          <time>
            <startTime>2021-01-07T00:00:00+08:00</startTime>
            <endTime>2021-01-08T00:00:00+08:00</endTime>
            <elementValue>
              <value>16</value>
              <measures>NA</measures>
            </elementValue>
          </time>
          <time>
            <startTime>2021-01-08T00:00:00+08:00</startTime>
            <endTime>2021-01-09T00:00:00+08:00</endTime>
            <elementValue>
              <value>13</value>
              <measures>NA</measures>
            </elementValue>
          </time>
          <time>
            <startTime>2021-01-09T00:00:00+08:00</startTime>
            <endTime>2021-01-10T00:00:00+08:00</endTime>
            <elementValue>
              <value>16</value>
              <measures>NA</measures>
            </elementValue>
          </time>
          <time>
            <startTime>2021-01-10T00:00:00+08:00</startTime>
            <endTime>2021-01-11T00:00:00+08:00</endTime>
            <elementValue>
              <value>19</value>
              <measures>NA</measures>
            </elementValue>
          </time>
          <time>
            <startTime>2021-01-11T00:00:00+08:00</startTime>
            <endTime>2021-01-12T00:00:00+08:00</endTime>
            <elementValue>
              <value>16</value>
              <measures>NA</measures>
            </elementValue>
          </time>
          <time>
            <startTime>2021-01-12T00:00:00+08:00</startTime>
            <endTime>2021-01-13T00:00:00+08:00</endTime>
            <elementValue>
              <value>18</value>
              <measures>NA</measures>
            </elementValue>
          </time>
        </weatherElement>
        <weatherElement>
          <elementName>MinCI</elementName>
          <description>最小舒適度指數</description>
          <time>
            <startTime>2021-01-06T12:00:00+08:00</startTime>
            <endTime>2021-01-07T00:00:00+08:00</endTime>
            <elementValue>
              <value>15</value>
              <measures>NA</measures>
            </elementValue>
          </time>
          <time>
            <startTime>2021-01-07T00:00:00+08:00</startTime>
            <endTime>2021-01-08T00:00:00+08:00</endTime>
            <elementValue>
              <value>10</value>
              <measures>NA</measures>
            </elementValue>
          </time>
          <time>
            <startTime>2021-01-08T00:00:00+08:00</startTime>
            <endTime>2021-01-09T00:00:00+08:00</endTime>
            <elementValue>
              <value>9</value>
              <measures>NA</measures>
            </elementValue>
          </time>
          <time>
            <startTime>2021-01-09T00:00:00+08:00</startTime>
            <endTime>2021-01-10T00:00:00+08:00</endTime>
            <elementValue>
              <value>8</value>
              <measures>NA</measures>
            </elementValue>
          </time>
          <time>
            <startTime>2021-01-10T00:00:00+08:00</startTime>
            <endTime>2021-01-11T00:00:00+08:00</endTime>
            <elementValue>
              <value>11</value>
              <measures>NA</measures>
            </elementValue>
          </time>
          <time>
            <startTime>2021-01-11T00:00:00+08:00</startTime>
            <endTime>2021-01-12T00:00:00+08:00</endTime>
            <elementValue>
              <value>11</value>
              <measures>NA</measures>
            </elementValue>
          </time>
          <time>
            <startTime>2021-01-12T00:00:00+08:00</startTime>
            <endTime>2021-01-13T00:00:00+08:00</endTime>
            <elementValue>
              <value>11</value>
              <measures>NA</measures>
            </elementValue>
          </time>
        </weatherElement>
        <weatherElement>
          <elementName>PoP24h</elementName>
          <description>24小時降雨機率</description>
          <time>
            <startTime>2021-01-06T12:00:00+08:00</startTime>
            <endTime>2021-01-07T00:00:00+08:00</endTime>
            <elementValue>
              <value>0</value>
              <measures>百分比</measures>
            </elementValue>
          </time>
          <time>
            <startTime>2021-01-07T00:00:00+08:00</startTime>
            <endTime>2021-01-08T00:00:00+08:00</endTime>
            <elementValue>
              <value>10</value>
              <measures>百分比</measures>
            </elementValue>
          </time>
          <time>
            <startTime>2021-01-08T00:00:00+08:00</startTime>
            <endTime>2021-01-09T00:00:00+08:00</endTime>
            <elementValue>
              <value>10</value>
              <measures>百分比</measures>
            </elementValue>
          </time>
          <time>
            <startTime>2021-01-09T00:00:00+08:00</startTime>
            <endTime>2021-01-10T00:00:00+08:00</endTime>
            <elementValue>
              <value> </value>
              <measures>百分比</measures>
            </elementValue>
          </time>
          <time>
            <startTime>2021-01-10T00:00:00+08:00</startTime>
            <endTime>2021-01-11T00:00:00+08:00</endTime>
            <elementValue>
              <value> </value>
              <measures>百分比</measures>
            </elementValue>
          </time>
          <time>
            <startTime>2021-01-11T00:00:00+08:00</startTime>
            <endTime>2021-01-12T00:00:00+08:00</endTime>
            <elementValue>
              <value> </value>
              <measures>百分比</measures>
            </elementValue>
          </time>
          <time>
            <startTime>2021-01-12T00:00:00+08:00</startTime>
            <endTime>2021-01-13T00:00:00+08:00</endTime>
            <elementValue>
              <value> </value>
              <measures>百分比</measures>
            </elementValue>
          </time>
        </weatherElement>
        <weatherElement>
          <elementName>WD</elementName>
          <description>風向</description>
          <time>
            <startTime>2021-01-06T12:00:00+08:00</startTime>
            <endTime>2021-01-07T00:00:00+08:00</endTime>
            <elementValue>
              <value>偏北風</value>
              <measures>8方位</measures>
            </elementValue>
          </time>
          <time>
            <startTime>2021-01-07T00:00:00+08:00</startTime>
            <endTime>2021-01-08T00:00:00+08:00</endTime>
            <elementValue>
              <value>偏北風</value>
              <measures>8方位</measures>
            </elementValue>
          </time>
          <time>
            <startTime>2021-01-08T00:00:00+08:00</startTime>
            <endTime>2021-01-09T00:00:00+08:00</endTime>
            <elementValue>
              <value>偏北風</value>
              <measures>8方位</measures>
            </elementValue>
          </time>
          <time>
            <startTime>2021-01-09T00:00:00+08:00</startTime>
            <endTime>2021-01-10T00:00:00+08:00</endTime>
            <elementValue>
              <value>偏北風</value>
              <measures>8方位</measures>
            </elementValue>
          </time>
          <time>
            <startTime>2021-01-10T00:00:00+08:00</startTime>
            <endTime>2021-01-11T00:00:00+08:00</endTime>
            <elementValue>
              <value>東北風</value>
              <measures>8方位</measures>
            </elementValue>
          </time>
          <time>
            <startTime>2021-01-11T00:00:00+08:00</startTime>
            <endTime>2021-01-12T00:00:00+08:00</endTime>
            <elementValue>
              <value>偏北風</value>
              <measures>8方位</measures>
            </elementValue>
          </time>
          <time>
            <startTime>2021-01-12T00:00:00+08:00</startTime>
            <endTime>2021-01-13T00:00:00+08:00</endTime>
            <elementValue>
              <value>偏北風</value>
              <measures>8方位</measures>
            </elementValue>
          </time>
        </weatherElement>
        <weatherElement>
          <elementName>WS</elementName>
          <description>最大風速</description>
          <time>
            <startTime>2021-01-06T12:00:00+08:00</startTime>
            <endTime>2021-01-07T00:00:00+08:00</endTime>
            <elementValue>
              <value>4</value>
              <measures>公尺/秒</measures>
            </elementValue>
            <elementValue>
              <value>3</value>
              <measures>蒲福風級</measures>
            </elementValue>
          </time>
          <time>
            <startTime>2021-01-07T00:00:00+08:00</startTime>
            <endTime>2021-01-08T00:00:00+08:00</endTime>
            <elementValue>
              <value>7</value>
              <measures>公尺/秒</measures>
            </elementValue>
            <elementValue>
              <value>4</value>
              <measures>蒲福風級</measures>
            </elementValue>
          </time>
          <time>
            <startTime>2021-01-08T00:00:00+08:00</startTime>
            <endTime>2021-01-09T00:00:00+08:00</endTime>
            <elementValue>
              <value>7</value>
              <measures>公尺/秒</measures>
            </elementValue>
            <elementValue>
              <value>4</value>
              <measures>蒲福風級</measures>
            </elementValue>
          </time>
          <time>
            <startTime>2021-01-09T00:00:00+08:00</startTime>
            <endTime>2021-01-10T00:00:00+08:00</endTime>
            <elementValue>
              <value>5</value>
              <measures>公尺/秒</measures>
            </elementValue>
            <elementValue>
              <value>3</value>
              <measures>蒲福風級</measures>
            </elementValue>
          </time>
          <time>
            <startTime>2021-01-10T00:00:00+08:00</startTime>
            <endTime>2021-01-11T00:00:00+08:00</endTime>
            <elementValue>
              <value>4</value>
              <measures>公尺/秒</measures>
            </elementValue>
            <elementValue>
              <value>3</value>
              <measures>蒲福風級</measures>
            </elementValue>
          </time>
          <time>
            <startTime>2021-01-11T00:00:00+08:00</startTime>
            <endTime>2021-01-12T00:00:00+08:00</endTime>
            <elementValue>
              <value>6</value>
              <measures>公尺/秒</measures>
            </elementValue>
            <elementValue>
              <value>4</value>
              <measures>蒲福風級</measures>
            </elementValue>
          </time>
          <time>
            <startTime>2021-01-12T00:00:00+08:00</startTime>
            <endTime>2021-01-13T00:00:00+08:00</endTime>
            <elementValue>
              <value>5</value>
              <measures>公尺/秒</measures>
            </elementValue>
            <elementValue>
              <value>3</value>
              <measures>蒲福風級</measures>
            </elementValue>
          </time>
        </weatherElement>
        <weatherElement>
          <elementName>Wx</elementName>
          <description>天氣現象</description>
          <time>
            <startTime>2021-01-06T12:00:00+08:00</startTime>
            <endTime>2021-01-07T00:00:00+08:00</endTime>
            <elementValue>
              <value>多雲</value>
              <measures>自定義 Wx 文字</measures>
            </elementValue>
            <elementValue>
              <value>04</value>
              <measures>自定義 Wx 單位</measures>
            </elementValue>
          </time>
          <time>
            <startTime>2021-01-07T00:00:00+08:00</startTime>
            <endTime>2021-01-08T00:00:00+08:00</endTime>
            <elementValue>
              <value>陰時多雲</value>
              <measures>自定義 Wx 文字</measures>
            </elementValue>
            <elementValue>
              <value>06</value>
              <measures>自定義 Wx 單位</measures>
            </elementValue>
          </time>
          <time>
            <startTime>2021-01-08T00:00:00+08:00</startTime>
            <endTime>2021-01-09T00:00:00+08:00</endTime>
            <elementValue>
              <value>多雲時陰</value>
              <measures>自定義 Wx 文字</measures>
            </elementValue>
            <elementValue>
              <value>05</value>
              <measures>自定義 Wx 單位</measures>
            </elementValue>
          </time>
          <time>
            <startTime>2021-01-09T00:00:00+08:00</startTime>
            <endTime>2021-01-10T00:00:00+08:00</endTime>
            <elementValue>
              <value>晴時多雲</value>
              <measures>自定義 Wx 文字</measures>
            </elementValue>
            <elementValue>
              <value>02</value>
              <measures>自定義 Wx 單位</measures>
            </elementValue>
          </time>
          <time>
            <startTime>2021-01-10T00:00:00+08:00</startTime>
            <endTime>2021-01-11T00:00:00+08:00</endTime>
            <elementValue>
              <value>晴時多雲</value>
              <measures>自定義 Wx 文字</measures>
            </elementValue>
            <elementValue>
              <value>02</value>
              <measures>自定義 Wx 單位</measures>
            </elementValue>
          </time>
          <time>
            <startTime>2021-01-11T00:00:00+08:00</startTime>
            <endTime>2021-01-12T00:00:00+08:00</endTime>
            <elementValue>
              <value>晴時多雲</value>
              <measures>自定義 Wx 文字</measures>
            </elementValue>
            <elementValue>
              <value>02</value>
              <measures>自定義 Wx 單位</measures>
            </elementValue>
          </time>
          <time>
            <startTime>2021-01-12T00:00:00+08:00</startTime>
            <endTime>2021-01-13T00:00:00+08:00</endTime>
            <elementValue>
              <value>晴時多雲</value>
              <measures>自定義 Wx 文字</measures>
            </elementValue>
            <elementValue>
              <value>02</value>
              <measures>自定義 Wx 單位</measures>
            </elementValue>
          </time>
        </weatherElement>
        <weatherElement>
          <elementName>UVI</elementName>
          <description>紫外線指數</description>
          <time>
            <startTime>2021-01-06T06:00:00+08:00</startTime>
            <endTime>2021-01-06T18:00:00+08:00</endTime>
            <elementValue>
              <value>4</value>
              <measures>紫外線指數</measures>
            </elementValue>
            <elementValue>
              <value>中量級</value>
              <measures>曝曬級數</measures>
            </elementValue>
          </time>
          <time>
            <startTime>2021-01-07T06:00:00+08:00</startTime>
            <endTime>2021-01-07T18:00:00+08:00</endTime>
            <elementValue>
              <value>4</value>
              <measures>紫外線指數</measures>
            </elementValue>
            <elementValue>
              <value>中量級</value>
              <measures>曝曬級數</measures>
            </elementValue>
          </time>
          <time>
            <startTime>2021-01-08T06:00:00+08:00</startTime>
            <endTime>2021-01-08T18:00:00+08:00</endTime>
            <elementValue>
              <value>3</value>
              <measures>紫外線指數</measures>
            </elementValue>
            <elementValue>
              <value>中量級</value>
              <measures>曝曬級數</measures>
            </elementValue>
          </time>
          <time>
            <startTime>2021-01-09T06:00:00+08:00</startTime>
            <endTime>2021-01-09T18:00:00+08:00</endTime>
            <elementValue>
              <value>4</value>
              <measures>紫外線指數</measures>
            </elementValue>
            <elementValue>
              <value>中量級</value>
              <measures>曝曬級數</measures>
            </elementValue>
          </time>
          <time>
            <startTime>2021-01-10T06:00:00+08:00</startTime>
            <endTime>2021-01-10T18:00:00+08:00</endTime>
            <elementValue>
              <value>5</value>
              <measures>紫外線指數</measures>
            </elementValue>
            <elementValue>
              <value>中量級</value>
              <measures>曝曬級數</measures>
            </elementValue>
          </time>
          <time>
            <startTime>2021-01-11T06:00:00+08:00</startTime>
            <endTime>2021-01-11T18:00:00+08:00</endTime>
            <elementValue>
              <value>4</value>
              <measures>紫外線指數</measures>
            </elementValue>
            <elementValue>
              <value>中量級</value>
              <measures>曝曬級數</measures>
            </elementValue>
          </time>
          <time>
            <startTime>2021-01-12T06:00:00+08:00</startTime>
            <endTime>2021-01-12T18:00:00+08:00</endTime>
            <elementValue>
              <value>5</value>
              <measures>紫外線指數</measures>
            </elementValue>
            <elementValue>
              <value>中量級</value>
              <measures>曝曬級數</measures>
            </elementValue>
          </time>
        </weatherElement>
        <weatherElement>
          <elementName>WeatherDescription</elementName>
          <description>天氣預報綜合描述</description>
          <time>
            <startTime>2021-01-06T12:00:00+08:00</startTime>
            <endTime>2021-01-07T00:00:00+08:00</endTime>
            <elementValue>
              <value>多雲。降雨機率 0%。溫度攝氏15至23度。寒冷至舒適。偏北風 風速3級(每秒4公尺)。相對濕度67%。</value>
              <measures>NA</measures>
            </elementValue>
          </time>
          <time>
            <startTime>2021-01-07T00:00:00+08:00</startTime>
            <endTime>2021-01-08T00:00:00+08:00</endTime>
            <elementValue>
              <value>陰時多雲。降雨機率 10%。溫度攝氏10至16度。非常寒冷至稍有寒意。偏北風 風速4級(每秒7公尺)。相對濕度76%。</value>
              <measures>NA</measures>
            </elementValue>
          </time>
          <time>
            <startTime>2021-01-08T00:00:00+08:00</startTime>
            <endTime>2021-01-09T00:00:00+08:00</endTime>
            <elementValue>
              <value>多雲時陰。降雨機率 10%。溫度攝氏8至13度。非常寒冷至寒冷。偏北風 風速4級(每秒7公尺)。相對濕度74%。</value>
              <measures>NA</measures>
            </elementValue>
          </time>
          <time>
            <startTime>2021-01-09T00:00:00+08:00</startTime>
            <endTime>2021-01-10T00:00:00+08:00</endTime>
            <elementValue>
              <value>晴時多雲。溫度攝氏7至17度。非常寒冷至稍有寒意。偏北風 風速3級(每秒5公尺)。相對濕度68%。</value>
              <measures>NA</measures>
            </elementValue>
          </time>
          <time>
            <startTime>2021-01-10T00:00:00+08:00</startTime>
            <endTime>2021-01-11T00:00:00+08:00</endTime>
            <elementValue>
              <value>晴時多雲。溫度攝氏11至20度。寒冷至稍有寒意。東北風 風速3級(每秒4公尺)。相對濕度70%。</value>
              <measures>NA</measures>
            </elementValue>
          </time>
          <time>
            <startTime>2021-01-11T00:00:00+08:00</startTime>
            <endTime>2021-01-12T00:00:00+08:00</endTime>
            <elementValue>
              <value>晴時多雲。溫度攝氏11至17度。寒冷至稍有寒意。偏北風 風速4級(每秒6公尺)。相對濕度75%。</value>
              <measures>NA</measures>
            </elementValue>
          </time>
          <time>
            <startTime>2021-01-12T00:00:00+08:00</startTime>
            <endTime>2021-01-13T00:00:00+08:00</endTime>
            <elementValue>
              <value>晴時多雲。溫度攝氏10至20度。寒冷至稍有寒意。偏北風 風速3級(每秒5公尺)。相對濕度66%。</value>
              <measures>NA</measures>
            </elementValue>
          </time>
        </weatherElement>
      </location>
      <location>
        <locationName>西區</locationName>
        <geocode>1002002</geocode>
        <lat>23.466267</lat>
        <lon>120.427285</lon>
        <weatherElement>
          <elementName>T</elementName>
          <description>平均溫度</description>
          <time>
            <startTime>2021-01-06T12:00:00+08:00</startTime>
            <endTime>2021-01-07T00:00:00+08:00</endTime>
            <elementValue>
              <value>20</value>
              <measures>攝氏度</measures>
            </elementValue>
          </time>
          <time>
            <startTime>2021-01-07T00:00:00+08:00</startTime>
            <endTime>2021-01-08T00:00:00+08:00</endTime>
            <elementValue>
              <value>14</value>
              <measures>攝氏度</measures>
            </elementValue>
          </time>
          <time>
            <startTime>2021-01-08T00:00:00+08:00</startTime>
            <endTime>2021-01-09T00:00:00+08:00</endTime>
            <elementValue>
              <value>10</value>
              <measures>攝氏度</measures>
            </elementValue>
          </time>
          <time>
            <startTime>2021-01-09T00:00:00+08:00</startTime>
            <endTime>2021-01-10T00:00:00+08:00</endTime>
            <elementValue>
              <value>12</value>
              <measures>攝氏度</measures>
            </elementValue>
          </time>
          <time>
            <startTime>2021-01-10T00:00:00+08:00</startTime>
            <endTime>2021-01-11T00:00:00+08:00</endTime>
            <elementValue>
              <value>15</value>
              <measures>攝氏度</measures>
            </elementValue>
          </time>
          <time>
            <startTime>2021-01-11T00:00:00+08:00</startTime>
            <endTime>2021-01-12T00:00:00+08:00</endTime>
            <elementValue>
              <value>14</value>
              <measures>攝氏度</measures>
            </elementValue>
          </time>
          <time>
            <startTime>2021-01-12T00:00:00+08:00</startTime>
            <endTime>2021-01-13T00:00:00+08:00</endTime>
            <elementValue>
              <value>14</value>
              <measures>攝氏度</measures>
            </elementValue>
          </time>
        </weatherElement>
        <weatherElement>
          <elementName>Td</elementName>
          <description>平均露點溫度</description>
          <time>
            <startTime>2021-01-06T12:00:00+08:00</startTime>
            <endTime>2021-01-07T00:00:00+08:00</endTime>
            <elementValue>
              <value>13</value>
              <measures>攝氏度</measures>
            </elementValue>
          </time>
          <time>
            <startTime>2021-01-07T00:00:00+08:00</startTime>
            <endTime>2021-01-08T00:00:00+08:00</endTime>
            <elementValue>
              <value>9</value>
              <measures>攝氏度</measures>
            </elementValue>
          </time>
          <time>
            <startTime>2021-01-08T00:00:00+08:00</startTime>
            <endTime>2021-01-09T00:00:00+08:00</endTime>
            <elementValue>
              <value>5</value>
              <measures>攝氏度</measures>
            </elementValue>
          </time>
          <time>
            <startTime>2021-01-09T00:00:00+08:00</startTime>
            <endTime>2021-01-10T00:00:00+08:00</endTime>
            <elementValue>
              <value>5</value>
              <measures>攝氏度</measures>
            </elementValue>
          </time>
          <time>
            <startTime>2021-01-10T00:00:00+08:00</startTime>
            <endTime>2021-01-11T00:00:00+08:00</endTime>
            <elementValue>
              <value>9</value>
              <measures>攝氏度</measures>
            </elementValue>
          </time>
          <time>
            <startTime>2021-01-11T00:00:00+08:00</startTime>
            <endTime>2021-01-12T00:00:00+08:00</endTime>
            <elementValue>
              <value>9</value>
              <measures>攝氏度</measures>
            </elementValue>
          </time>
          <time>
            <startTime>2021-01-12T00:00:00+08:00</startTime>
            <endTime>2021-01-13T00:00:00+08:00</endTime>
            <elementValue>
              <value>7</value>
              <measures>攝氏度</measures>
            </elementValue>
          </time>
        </weatherElement>
        <weatherElement>
          <elementName>RH</elementName>
          <description>平均相對濕度</description>
          <time>
            <startTime>2021-01-06T12:00:00+08:00</startTime>
            <endTime>2021-01-07T00:00:00+08:00</endTime>
            <elementValue>
              <value>66</value>
              <measures>百分比</measures>
            </elementValue>
          </time>
          <time>
            <startTime>2021-01-07T00:00:00+08:00</startTime>
            <endTime>2021-01-08T00:00:00+08:00</endTime>
            <elementValue>
              <value>74</value>
              <measures>百分比</measures>
            </elementValue>
          </time>
          <time>
            <startTime>2021-01-08T00:00:00+08:00</startTime>
            <endTime>2021-01-09T00:00:00+08:00</endTime>
            <elementValue>
              <value>70</value>
              <measures>百分比</measures>
            </elementValue>
          </time>
          <time>
            <startTime>2021-01-09T00:00:00+08:00</startTime>
            <endTime>2021-01-10T00:00:00+08:00</endTime>
            <elementValue>
              <value>64</value>
              <measures>百分比</measures>
            </elementValue>
          </time>
          <time>
            <startTime>2021-01-10T00:00:00+08:00</startTime>
            <endTime>2021-01-11T00:00:00+08:00</endTime>
            <elementValue>
              <value>69</value>
              <measures>百分比</measures>
            </elementValue>
          </time>
          <time>
            <startTime>2021-01-11T00:00:00+08:00</startTime>
            <endTime>2021-01-12T00:00:00+08:00</endTime>
            <elementValue>
              <value>73</value>
              <measures>百分比</measures>
            </elementValue>
          </time>
          <time>
            <startTime>2021-01-12T00:00:00+08:00</startTime>
            <endTime>2021-01-13T00:00:00+08:00</endTime>
            <elementValue>
              <value>62</value>
              <measures>百分比</measures>
            </elementValue>
          </time>
        </weatherElement>
        <weatherElement>
          <elementName>MaxT</elementName>
          <description>最高溫度</description>
          <time>
            <startTime>2021-01-06T12:00:00+08:00</startTime>
            <endTime>2021-01-07T00:00:00+08:00</endTime>
            <elementValue>
              <value>24</value>
              <measures>攝氏度</measures>
            </elementValue>
          </time>
          <time>
            <startTime>2021-01-07T00:00:00+08:00</startTime>
            <endTime>2021-01-08T00:00:00+08:00</endTime>
            <elementValue>
              <value>17</value>
              <measures>攝氏度</measures>
            </elementValue>
          </time>
          <time>
            <startTime>2021-01-08T00:00:00+08:00</startTime>
            <endTime>2021-01-09T00:00:00+08:00</endTime>
            <elementValue>
              <value>14</value>
              <measures>攝氏度</measures>
            </elementValue>
          </time>
          <time>
            <startTime>2021-01-09T00:00:00+08:00</startTime>
            <endTime>2021-01-10T00:00:00+08:00</endTime>
            <elementValue>
              <value>17</value>
              <measures>攝氏度</measures>
            </elementValue>
          </time>
          <time>
            <startTime>2021-01-10T00:00:00+08:00</startTime>
            <endTime>2021-01-11T00:00:00+08:00</endTime>
            <elementValue>
              <value>21</value>
              <measures>攝氏度</measures>
            </elementValue>
          </time>
          <time>
            <startTime>2021-01-11T00:00:00+08:00</startTime>
            <endTime>2021-01-12T00:00:00+08:00</endTime>
            <elementValue>
              <value>17</value>
              <measures>攝氏度</measures>
            </elementValue>
          </time>
          <time>
            <startTime>2021-01-12T00:00:00+08:00</startTime>
            <endTime>2021-01-13T00:00:00+08:00</endTime>
            <elementValue>
              <value>20</value>
              <measures>攝氏度</measures>
            </elementValue>
          </time>
        </weatherElement>
        <weatherElement>
          <elementName>MinT</elementName>
          <description>最低溫度</description>
          <time>
            <startTime>2021-01-06T12:00:00+08:00</startTime>
            <endTime>2021-01-07T00:00:00+08:00</endTime>
            <elementValue>
              <value>15</value>
              <measures>攝氏度</measures>
            </elementValue>
          </time>
          <time>
            <startTime>2021-01-07T00:00:00+08:00</startTime>
            <endTime>2021-01-08T00:00:00+08:00</endTime>
            <elementValue>
              <value>10</value>
              <measures>攝氏度</measures>
            </elementValue>
          </time>
          <time>
            <startTime>2021-01-08T00:00:00+08:00</startTime>
            <endTime>2021-01-09T00:00:00+08:00</endTime>
            <elementValue>
              <value>8</value>
              <measures>攝氏度</measures>
            </elementValue>
          </time>
          <time>
            <startTime>2021-01-09T00:00:00+08:00</startTime>
            <endTime>2021-01-10T00:00:00+08:00</endTime>
            <elementValue>
              <value>7</value>
              <measures>攝氏度</measures>
            </elementValue>
          </time>
          <time>
            <startTime>2021-01-10T00:00:00+08:00</startTime>
            <endTime>2021-01-11T00:00:00+08:00</endTime>
            <elementValue>
              <value>11</value>
              <measures>攝氏度</measures>
            </elementValue>
          </time>
          <time>
            <startTime>2021-01-11T00:00:00+08:00</startTime>
            <endTime>2021-01-12T00:00:00+08:00</endTime>
            <elementValue>
              <value>12</value>
              <measures>攝氏度</measures>
            </elementValue>
          </time>
          <time>
            <startTime>2021-01-12T00:00:00+08:00</startTime>
            <endTime>2021-01-13T00:00:00+08:00</endTime>
            <elementValue>
              <value>11</value>
              <measures>攝氏度</measures>
            </elementValue>
          </time>
        </weatherElement>
        <weatherElement>
          <elementName>MaxAT</elementName>
          <description>最高體感溫度</description>
          <time>
            <startTime>2021-01-06T12:00:00+08:00</startTime>
            <endTime>2021-01-07T00:00:00+08:00</endTime>
            <elementValue>
              <value>22</value>
              <measures>攝氏度</measures>
            </elementValue>
          </time>
          <time>
            <startTime>2021-01-07T00:00:00+08:00</startTime>
            <endTime>2021-01-08T00:00:00+08:00</endTime>
            <elementValue>
              <value>13</value>
              <measures>攝氏度</measures>
            </elementValue>
          </time>
          <time>
            <startTime>2021-01-08T00:00:00+08:00</startTime>
            <endTime>2021-01-09T00:00:00+08:00</endTime>
            <elementValue>
              <value>9</value>
              <measures>攝氏度</measures>
            </elementValue>
          </time>
          <time>
            <startTime>2021-01-09T00:00:00+08:00</startTime>
            <endTime>2021-01-10T00:00:00+08:00</endTime>
            <elementValue>
              <value>14</value>
              <measures>攝氏度</measures>
            </elementValue>
          </time>
          <time>
            <startTime>2021-01-10T00:00:00+08:00</startTime>
            <endTime>2021-01-11T00:00:00+08:00</endTime>
            <elementValue>
              <value>19</value>
              <measures>攝氏度</measures>
            </elementValue>
          </time>
          <time>
            <startTime>2021-01-11T00:00:00+08:00</startTime>
            <endTime>2021-01-12T00:00:00+08:00</endTime>
            <elementValue>
              <value>13</value>
              <measures>攝氏度</measures>
            </elementValue>
          </time>
          <time>
            <startTime>2021-01-12T00:00:00+08:00</startTime>
            <endTime>2021-01-13T00:00:00+08:00</endTime>
            <elementValue>
              <value>18</value>
              <measures>攝氏度</measures>
            </elementValue>
          </time>
        </weatherElement>
        <weatherElement>
          <elementName>MinAT</elementName>
          <description>最低體感溫度</description>
          <time>
            <startTime>2021-01-06T12:00:00+08:00</startTime>
            <endTime>2021-01-07T00:00:00+08:00</endTime>
            <elementValue>
              <value>14</value>
              <measures>攝氏度</measures>
            </elementValue>
          </time>
          <time>
            <startTime>2021-01-07T00:00:00+08:00</startTime>
            <endTime>2021-01-08T00:00:00+08:00</endTime>
            <elementValue>
              <value>5</value>
              <measures>攝氏度</measures>
            </elementValue>
          </time>
          <time>
            <startTime>2021-01-08T00:00:00+08:00</startTime>
            <endTime>2021-01-09T00:00:00+08:00</endTime>
            <elementValue>
              <value>4</value>
              <measures>攝氏度</measures>
            </elementValue>
          </time>
          <time>
            <startTime>2021-01-09T00:00:00+08:00</startTime>
            <endTime>2021-01-10T00:00:00+08:00</endTime>
            <elementValue>
              <value>4</value>
              <measures>攝氏度</measures>
            </elementValue>
          </time>
          <time>
            <startTime>2021-01-10T00:00:00+08:00</startTime>
            <endTime>2021-01-11T00:00:00+08:00</endTime>
            <elementValue>
              <value>8</value>
              <measures>攝氏度</measures>
            </elementValue>
          </time>
          <time>
            <startTime>2021-01-11T00:00:00+08:00</startTime>
            <endTime>2021-01-12T00:00:00+08:00</endTime>
            <elementValue>
              <value>8</value>
              <measures>攝氏度</measures>
            </elementValue>
          </time>
          <time>
            <startTime>2021-01-12T00:00:00+08:00</startTime>
            <endTime>2021-01-13T00:00:00+08:00</endTime>
            <elementValue>
              <value>7</value>
              <measures>攝氏度</measures>
            </elementValue>
          </time>
        </weatherElement>
        <weatherElement>
          <elementName>MaxCI</elementName>
          <description>最大舒適度指數</description>
          <time>
            <startTime>2021-01-06T12:00:00+08:00</startTime>
            <endTime>2021-01-07T00:00:00+08:00</endTime>
            <elementValue>
              <value>21</value>
              <measures>NA</measures>
            </elementValue>
          </time>
          <time>
            <startTime>2021-01-07T00:00:00+08:00</startTime>
            <endTime>2021-01-08T00:00:00+08:00</endTime>
            <elementValue>
              <value>16</value>
              <measures>NA</measures>
            </elementValue>
          </time>
          <time>
            <startTime>2021-01-08T00:00:00+08:00</startTime>
            <endTime>2021-01-09T00:00:00+08:00</endTime>
            <elementValue>
              <value>14</value>
              <measures>NA</measures>
            </elementValue>
          </time>
          <time>
            <startTime>2021-01-09T00:00:00+08:00</startTime>
            <endTime>2021-01-10T00:00:00+08:00</endTime>
            <elementValue>
              <value>16</value>
              <measures>NA</measures>
            </elementValue>
          </time>
          <time>
            <startTime>2021-01-10T00:00:00+08:00</startTime>
            <endTime>2021-01-11T00:00:00+08:00</endTime>
            <elementValue>
              <value>19</value>
              <measures>NA</measures>
            </elementValue>
          </time>
          <time>
            <startTime>2021-01-11T00:00:00+08:00</startTime>
            <endTime>2021-01-12T00:00:00+08:00</endTime>
            <elementValue>
              <value>16</value>
              <measures>NA</measures>
            </elementValue>
          </time>
          <time>
            <startTime>2021-01-12T00:00:00+08:00</startTime>
            <endTime>2021-01-13T00:00:00+08:00</endTime>
            <elementValue>
              <value>18</value>
              <measures>NA</measures>
            </elementValue>
          </time>
        </weatherElement>
        <weatherElement>
          <elementName>MinCI</elementName>
          <description>最小舒適度指數</description>
          <time>
            <startTime>2021-01-06T12:00:00+08:00</startTime>
            <endTime>2021-01-07T00:00:00+08:00</endTime>
            <elementValue>
              <value>15</value>
              <measures>NA</measures>
            </elementValue>
          </time>
          <time>
            <startTime>2021-01-07T00:00:00+08:00</startTime>
            <endTime>2021-01-08T00:00:00+08:00</endTime>
            <elementValue>
              <value>11</value>
              <measures>NA</measures>
            </elementValue>
          </time>
          <time>
            <startTime>2021-01-08T00:00:00+08:00</startTime>
            <endTime>2021-01-09T00:00:00+08:00</endTime>
            <elementValue>
              <value>9</value>
              <measures>NA</measures>
            </elementValue>
          </time>
          <time>
            <startTime>2021-01-09T00:00:00+08:00</startTime>
            <endTime>2021-01-10T00:00:00+08:00</endTime>
            <elementValue>
              <value>8</value>
              <measures>NA</measures>
            </elementValue>
          </time>
          <time>
            <startTime>2021-01-10T00:00:00+08:00</startTime>
            <endTime>2021-01-11T00:00:00+08:00</endTime>
            <elementValue>
              <value>11</value>
              <measures>NA</measures>
            </elementValue>
          </time>
          <time>
            <startTime>2021-01-11T00:00:00+08:00</startTime>
            <endTime>2021-01-12T00:00:00+08:00</endTime>
            <elementValue>
              <value>12</value>
              <measures>NA</measures>
            </elementValue>
          </time>
          <time>
            <startTime>2021-01-12T00:00:00+08:00</startTime>
            <endTime>2021-01-13T00:00:00+08:00</endTime>
            <elementValue>
              <value>11</value>
              <measures>NA</measures>
            </elementValue>
          </time>
        </weatherElement>
        <weatherElement>
          <elementName>PoP24h</elementName>
          <description>24小時降雨機率</description>
          <time>
            <startTime>2021-01-06T12:00:00+08:00</startTime>
            <endTime>2021-01-07T00:00:00+08:00</endTime>
            <elementValue>
              <value>0</value>
              <measures>百分比</measures>
            </elementValue>
          </time>
          <time>
            <startTime>2021-01-07T00:00:00+08:00</startTime>
            <endTime>2021-01-08T00:00:00+08:00</endTime>
            <elementValue>
              <value>10</value>
              <measures>百分比</measures>
            </elementValue>
          </time>
          <time>
            <startTime>2021-01-08T00:00:00+08:00</startTime>
            <endTime>2021-01-09T00:00:00+08:00</endTime>
            <elementValue>
              <value>10</value>
              <measures>百分比</measures>
            </elementValue>
          </time>
          <time>
            <startTime>2021-01-09T00:00:00+08:00</startTime>
            <endTime>2021-01-10T00:00:00+08:00</endTime>
            <elementValue>
              <value> </value>
              <measures>百分比</measures>
            </elementValue>
          </time>
          <time>
            <startTime>2021-01-10T00:00:00+08:00</startTime>
            <endTime>2021-01-11T00:00:00+08:00</endTime>
            <elementValue>
              <value> </value>
              <measures>百分比</measures>
            </elementValue>
          </time>
          <time>
            <startTime>2021-01-11T00:00:00+08:00</startTime>
            <endTime>2021-01-12T00:00:00+08:00</endTime>
            <elementValue>
              <value> </value>
              <measures>百分比</measures>
            </elementValue>
          </time>
          <time>
            <startTime>2021-01-12T00:00:00+08:00</startTime>
            <endTime>2021-01-13T00:00:00+08:00</endTime>
            <elementValue>
              <value> </value>
              <measures>百分比</measures>
            </elementValue>
          </time>
        </weatherElement>
        <weatherElement>
          <elementName>WD</elementName>
          <description>風向</description>
          <time>
            <startTime>2021-01-06T12:00:00+08:00</startTime>
            <endTime>2021-01-07T00:00:00+08:00</endTime>
            <elementValue>
              <value>偏北風</value>
              <measures>8方位</measures>
            </elementValue>
          </time>
          <time>
            <startTime>2021-01-07T00:00:00+08:00</startTime>
            <endTime>2021-01-08T00:00:00+08:00</endTime>
            <elementValue>
              <value>偏北風</value>
              <measures>8方位</measures>
            </elementValue>
          </time>
          <time>
            <startTime>2021-01-08T00:00:00+08:00</startTime>
            <endTime>2021-01-09T00:00:00+08:00</endTime>
            <elementValue>
              <value>偏北風</value>
              <measures>8方位</measures>
            </elementValue>
          </time>
          <time>
            <startTime>2021-01-09T00:00:00+08:00</startTime>
            <endTime>2021-01-10T00:00:00+08:00</endTime>
            <elementValue>
              <value>偏北風</value>
              <measures>8方位</measures>
            </elementValue>
          </time>
          <time>
            <startTime>2021-01-10T00:00:00+08:00</startTime>
            <endTime>2021-01-11T00:00:00+08:00</endTime>
            <elementValue>
              <value>偏北風</value>
              <measures>8方位</measures>
            </elementValue>
          </time>
          <time>
            <startTime>2021-01-11T00:00:00+08:00</startTime>
            <endTime>2021-01-12T00:00:00+08:00</endTime>
            <elementValue>
              <value>偏北風</value>
              <measures>8方位</measures>
            </elementValue>
          </time>
          <time>
            <startTime>2021-01-12T00:00:00+08:00</startTime>
            <endTime>2021-01-13T00:00:00+08:00</endTime>
            <elementValue>
              <value>偏北風</value>
              <measures>8方位</measures>
            </elementValue>
          </time>
        </weatherElement>
        <weatherElement>
          <elementName>WS</elementName>
          <description>最大風速</description>
          <time>
            <startTime>2021-01-06T12:00:00+08:00</startTime>
            <endTime>2021-01-07T00:00:00+08:00</endTime>
            <elementValue>
              <value>4</value>
              <measures>公尺/秒</measures>
            </elementValue>
            <elementValue>
              <value>3</value>
              <measures>蒲福風級</measures>
            </elementValue>
          </time>
          <time>
            <startTime>2021-01-07T00:00:00+08:00</startTime>
            <endTime>2021-01-08T00:00:00+08:00</endTime>
            <elementValue>
              <value>7</value>
              <measures>公尺/秒</measures>
            </elementValue>
            <elementValue>
              <value>4</value>
              <measures>蒲福風級</measures>
            </elementValue>
          </time>
          <time>
            <startTime>2021-01-08T00:00:00+08:00</startTime>
            <endTime>2021-01-09T00:00:00+08:00</endTime>
            <elementValue>
              <value>7</value>
              <measures>公尺/秒</measures>
            </elementValue>
            <elementValue>
              <value>4</value>
              <measures>蒲福風級</measures>
            </elementValue>
          </time>
          <time>
            <startTime>2021-01-09T00:00:00+08:00</startTime>
            <endTime>2021-01-10T00:00:00+08:00</endTime>
            <elementValue>
              <value>6</value>
              <measures>公尺/秒</measures>
            </elementValue>
            <elementValue>
              <value>4</value>
              <measures>蒲福風級</measures>
            </elementValue>
          </time>
          <time>
            <startTime>2021-01-10T00:00:00+08:00</startTime>
            <endTime>2021-01-11T00:00:00+08:00</endTime>
            <elementValue>
              <value>4</value>
              <measures>公尺/秒</measures>
            </elementValue>
            <elementValue>
              <value>3</value>
              <measures>蒲福風級</measures>
            </elementValue>
          </time>
          <time>
            <startTime>2021-01-11T00:00:00+08:00</startTime>
            <endTime>2021-01-12T00:00:00+08:00</endTime>
            <elementValue>
              <value>7</value>
              <measures>公尺/秒</measures>
            </elementValue>
            <elementValue>
              <value>4</value>
              <measures>蒲福風級</measures>
            </elementValue>
          </time>
          <time>
            <startTime>2021-01-12T00:00:00+08:00</startTime>
            <endTime>2021-01-13T00:00:00+08:00</endTime>
            <elementValue>
              <value>5</value>
              <measures>公尺/秒</measures>
            </elementValue>
            <elementValue>
              <value>3</value>
              <measures>蒲福風級</measures>
            </elementValue>
          </time>
        </weatherElement>
        <weatherElement>
          <elementName>Wx</elementName>
          <description>天氣現象</description>
          <time>
            <startTime>2021-01-06T12:00:00+08:00</startTime>
            <endTime>2021-01-07T00:00:00+08:00</endTime>
            <elementValue>
              <value>多雲</value>
              <measures>自定義 Wx 文字</measures>
            </elementValue>
            <elementValue>
              <value>04</value>
              <measures>自定義 Wx 單位</measures>
            </elementValue>
          </time>
          <time>
            <startTime>2021-01-07T00:00:00+08:00</startTime>
            <endTime>2021-01-08T00:00:00+08:00</endTime>
            <elementValue>
              <value>陰時多雲</value>
              <measures>自定義 Wx 文字</measures>
            </elementValue>
            <elementValue>
              <value>06</value>
              <measures>自定義 Wx 單位</measures>
            </elementValue>
          </time>
          <time>
            <startTime>2021-01-08T00:00:00+08:00</startTime>
            <endTime>2021-01-09T00:00:00+08:00</endTime>
            <elementValue>
              <value>多雲時陰</value>
              <measures>自定義 Wx 文字</measures>
            </elementValue>
            <elementValue>
              <value>05</value>
              <measures>自定義 Wx 單位</measures>
            </elementValue>
          </time>
          <time>
            <startTime>2021-01-09T00:00:00+08:00</startTime>
            <endTime>2021-01-10T00:00:00+08:00</endTime>
            <elementValue>
              <value>晴時多雲</value>
              <measures>自定義 Wx 文字</measures>
            </elementValue>
            <elementValue>
              <value>02</value>
              <measures>自定義 Wx 單位</measures>
            </elementValue>
          </time>
          <time>
            <startTime>2021-01-10T00:00:00+08:00</startTime>
            <endTime>2021-01-11T00:00:00+08:00</endTime>
            <elementValue>
              <value>晴時多雲</value>
              <measures>自定義 Wx 文字</measures>
            </elementValue>
            <elementValue>
              <value>02</value>
              <measures>自定義 Wx 單位</measures>
            </elementValue>
          </time>
          <time>
            <startTime>2021-01-11T00:00:00+08:00</startTime>
            <endTime>2021-01-12T00:00:00+08:00</endTime>
            <elementValue>
              <value>晴時多雲</value>
              <measures>自定義 Wx 文字</measures>
            </elementValue>
            <elementValue>
              <value>02</value>
              <measures>自定義 Wx 單位</measures>
            </elementValue>
          </time>
          <time>
            <startTime>2021-01-12T00:00:00+08:00</startTime>
            <endTime>2021-01-13T00:00:00+08:00</endTime>
            <elementValue>
              <value>晴時多雲</value>
              <measures>自定義 Wx 文字</measures>
            </elementValue>
            <elementValue>
              <value>02</value>
              <measures>自定義 Wx 單位</measures>
            </elementValue>
          </time>
        </weatherElement>
        <weatherElement>
          <elementName>UVI</elementName>
          <description>紫外線指數</description>
          <time>
            <startTime>2021-01-06T06:00:00+08:00</startTime>
            <endTime>2021-01-06T18:00:00+08:00</endTime>
            <elementValue>
              <value>4</value>
              <measures>紫外線指數</measures>
            </elementValue>
            <elementValue>
              <value>中量級</value>
              <measures>曝曬級數</measures>
            </elementValue>
          </time>
          <time>
            <startTime>2021-01-07T06:00:00+08:00</startTime>
            <endTime>2021-01-07T18:00:00+08:00</endTime>
            <elementValue>
              <value>4</value>
              <measures>紫外線指數</measures>
            </elementValue>
            <elementValue>
              <value>中量級</value>
              <measures>曝曬級數</measures>
            </elementValue>
          </time>
          <time>
            <startTime>2021-01-08T06:00:00+08:00</startTime>
            <endTime>2021-01-08T18:00:00+08:00</endTime>
            <elementValue>
              <value>3</value>
              <measures>紫外線指數</measures>
            </elementValue>
            <elementValue>
              <value>中量級</value>
              <measures>曝曬級數</measures>
            </elementValue>
          </time>
          <time>
            <startTime>2021-01-09T06:00:00+08:00</startTime>
            <endTime>2021-01-09T18:00:00+08:00</endTime>
            <elementValue>
              <value>4</value>
              <measures>紫外線指數</measures>
            </elementValue>
            <elementValue>
              <value>中量級</value>
              <measures>曝曬級數</measures>
            </elementValue>
          </time>
          <time>
            <startTime>2021-01-10T06:00:00+08:00</startTime>
            <endTime>2021-01-10T18:00:00+08:00</endTime>
            <elementValue>
              <value>5</value>
              <measures>紫外線指數</measures>
            </elementValue>
            <elementValue>
              <value>中量級</value>
              <measures>曝曬級數</measures>
            </elementValue>
          </time>
          <time>
            <startTime>2021-01-11T06:00:00+08:00</startTime>
            <endTime>2021-01-11T18:00:00+08:00</endTime>
            <elementValue>
              <value>4</value>
              <measures>紫外線指數</measures>
            </elementValue>
            <elementValue>
              <value>中量級</value>
              <measures>曝曬級數</measures>
            </elementValue>
          </time>
          <time>
            <startTime>2021-01-12T06:00:00+08:00</startTime>
            <endTime>2021-01-12T18:00:00+08:00</endTime>
            <elementValue>
              <value>5</value>
              <measures>紫外線指數</measures>
            </elementValue>
            <elementValue>
              <value>中量級</value>
              <measures>曝曬級數</measures>
            </elementValue>
          </time>
        </weatherElement>
        <weatherElement>
          <elementName>WeatherDescription</elementName>
          <description>天氣預報綜合描述</description>
          <time>
            <startTime>2021-01-06T12:00:00+08:00</startTime>
            <endTime>2021-01-07T00:00:00+08:00</endTime>
            <elementValue>
              <value>多雲。降雨機率 0%。溫度攝氏15至24度。寒冷至舒適。偏北風 風速3級(每秒4公尺)。相對濕度65%。</value>
              <measures>NA</measures>
            </elementValue>
          </time>
          <time>
            <startTime>2021-01-07T00:00:00+08:00</startTime>
            <endTime>2021-01-08T00:00:00+08:00</endTime>
            <elementValue>
              <value>陰時多雲。降雨機率 10%。溫度攝氏10至17度。寒冷至稍有寒意。偏北風 風速4級(每秒7公尺)。相對濕度74%。</value>
              <measures>NA</measures>
            </elementValue>
          </time>
          <time>
            <startTime>2021-01-08T00:00:00+08:00</startTime>
            <endTime>2021-01-09T00:00:00+08:00</endTime>
            <elementValue>
              <value>多雲時陰。降雨機率 10%。溫度攝氏8至14度。非常寒冷至寒冷。偏北風 風速4級(每秒7公尺)。相對濕度70%。</value>
              <measures>NA</measures>
            </elementValue>
          </time>
          <time>
            <startTime>2021-01-09T00:00:00+08:00</startTime>
            <endTime>2021-01-10T00:00:00+08:00</endTime>
            <elementValue>
              <value>晴時多雲。溫度攝氏7至17度。非常寒冷至稍有寒意。偏北風 風速4級(每秒6公尺)。相對濕度64%。</value>
              <measures>NA</measures>
            </elementValue>
          </time>
          <time>
            <startTime>2021-01-10T00:00:00+08:00</startTime>
            <endTime>2021-01-11T00:00:00+08:00</endTime>
            <elementValue>
              <value>晴時多雲。溫度攝氏11至21度。寒冷至稍有寒意。偏北風 風速3級(每秒4公尺)。相對濕度69%。</value>
              <measures>NA</measures>
            </elementValue>
          </time>
          <time>
            <startTime>2021-01-11T00:00:00+08:00</startTime>
            <endTime>2021-01-12T00:00:00+08:00</endTime>
            <elementValue>
              <value>晴時多雲。溫度攝氏12至17度。寒冷至稍有寒意。偏北風 風速4級(每秒7公尺)。相對濕度73%。</value>
              <measures>NA</measures>
            </elementValue>
          </time>
          <time>
            <startTime>2021-01-12T00:00:00+08:00</startTime>
            <endTime>2021-01-13T00:00:00+08:00</endTime>
            <elementValue>
              <value>晴時多雲。溫度攝氏11至20度。寒冷至稍有寒意。偏北風 風速3級(每秒5公尺)。相對濕度62%。</value>
              <measures>NA</measures>
            </elementValue>
          </time>
        </weatherElement>
      </location>
    </locations>
  </dataset>
</cwbopendata>
