<?xml version="1.0" encoding="utf-8"?>
<cwbopendata xmlns="urn:cwb:gov:tw:cwbcommon:0.1">
  <identifier>045f7821-cd0b-450f-98bf-a5ac43b83484</identifier>
  <sender>weather@cwb.gov.tw</sender>
  <sent>2021-01-03T12:39:28+08:00</sent>
  <status>Actual</status>
  <scope>Public</scope>
  <msgType>Issue</msgType>
  <dataid>null</dataid>
  <source>MFC</source>
  <dataset>
    <datasetInfo>
      <datasetDescription>臺灣各縣市鄉鎮未來1週逐24小時天氣預報</datasetDescription>
      <datasetLanguage>zh-TW</datasetLanguage>
      <issueTime>2021-01-03T11:00:00+08:00</issueTime>
      <validTime>
        <startTime>2021-01-03T12:00:00+08:00</startTime>
        <endTime>2021-01-11T11:00:00+08:00</endTime>
      </validTime>
      <update>2021-01-03T12:39:28+08:00</update>
    </datasetInfo>
    <locations>
      <locationsName>嘉義市</locationsName>
      <location>
        <locationName>東區</locationName>
        <geocode>1002001</geocode>
        <lat>23.480384</lat>
        <lon>120.445361</lon>
        <weatherElement>
          <elementName>T</elementName>
          <description>平均溫度</description>
          <time>
            <startTime>2021-01-03T12:00:00+08:00</startTime>
            <endTime>2021-01-04T00:00:00+08:00</endTime>
            <elementValue>
              <value>20</value>
              <measures>攝氏度</measures>
            </elementValue>
          </time>
          <time>
            <startTime>2021-01-04T00:00:00+08:00</startTime>
            <endTime>2021-01-05T00:00:00+08:00</endTime>
            <elementValue>
              <value>19</value>
              <measures>攝氏度</measures>
            </elementValue>
          </time>
          <time>
            <startTime>2021-01-05T00:00:00+08:00</startTime>
            <endTime>2021-01-06T00:00:00+08:00</endTime>
            <elementValue>
              <value>19</value>
              <measures>攝氏度</measures>
            </elementValue>
          </time>
          <time>
            <startTime>2021-01-06T00:00:00+08:00</startTime>
            <endTime>2021-01-07T00:00:00+08:00</endTime>
            <elementValue>
              <value>18</value>
              <measures>攝氏度</measures>
            </elementValue>
          </time>
          <time>
            <startTime>2021-01-07T00:00:00+08:00</startTime>
            <endTime>2021-01-08T00:00:00+08:00</endTime>
            <elementValue>
              <value>17</value>
              <measures>攝氏度</measures>
            </elementValue>
          </time>
          <time>
            <startTime>2021-01-08T00:00:00+08:00</startTime>
            <endTime>2021-01-09T00:00:00+08:00</endTime>
            <elementValue>
              <value>12</value>
              <measures>攝氏度</measures>
            </elementValue>
          </time>
          <time>
            <startTime>2021-01-09T00:00:00+08:00</startTime>
            <endTime>2021-01-10T00:00:00+08:00</endTime>
            <elementValue>
              <value>13</value>
              <measures>攝氏度</measures>
            </elementValue>
          </time>
        </weatherElement>
        <weatherElement>
          <elementName>Td</elementName>
          <description>平均露點溫度</description>
          <time>
            <startTime>2021-01-03T12:00:00+08:00</startTime>
            <endTime>2021-01-04T00:00:00+08:00</endTime>
            <elementValue>
              <value>12</value>
              <measures>攝氏度</measures>
            </elementValue>
          </time>
          <time>
            <startTime>2021-01-04T00:00:00+08:00</startTime>
            <endTime>2021-01-05T00:00:00+08:00</endTime>
            <elementValue>
              <value>13</value>
              <measures>攝氏度</measures>
            </elementValue>
          </time>
          <time>
            <startTime>2021-01-05T00:00:00+08:00</startTime>
            <endTime>2021-01-06T00:00:00+08:00</endTime>
            <elementValue>
              <value>14</value>
              <measures>攝氏度</measures>
            </elementValue>
          </time>
          <time>
            <startTime>2021-01-06T00:00:00+08:00</startTime>
            <endTime>2021-01-07T00:00:00+08:00</endTime>
            <elementValue>
              <value>12</value>
              <measures>攝氏度</measures>
            </elementValue>
          </time>
          <time>
            <startTime>2021-01-07T00:00:00+08:00</startTime>
            <endTime>2021-01-08T00:00:00+08:00</endTime>
            <elementValue>
              <value>12</value>
              <measures>攝氏度</measures>
            </elementValue>
          </time>
          <time>
            <startTime>2021-01-08T00:00:00+08:00</startTime>
            <endTime>2021-01-09T00:00:00+08:00</endTime>
            <elementValue>
              <value>6</value>
              <measures>攝氏度</measures>
            </elementValue>
          </time>
          <time>
            <startTime>2021-01-09T00:00:00+08:00</startTime>
            <endTime>2021-01-10T00:00:00+08:00</endTime>
            <elementValue>
              <value>6</value>
              <measures>攝氏度</measures>
            </elementValue>
          </time>
        </weatherElement>
        <weatherElement>
          <elementName>RH</elementName>
          <description>平均相對濕度</description>
          <time>
            <startTime>2021-01-03T12:00:00+08:00</startTime>
            <endTime>2021-01-04T00:00:00+08:00</endTime>
            <elementValue>
              <value>67</value>
              <measures>百分比</measures>
            </elementValue>
          </time>
          <time>
            <startTime>2021-01-04T00:00:00+08:00</startTime>
            <endTime>2021-01-05T00:00:00+08:00</endTime>
            <elementValue>
              <value>74</value>
              <measures>百分比</measures>
            </elementValue>
          </time>
          <time>
            <startTime>2021-01-05T00:00:00+08:00</startTime>
            <endTime>2021-01-06T00:00:00+08:00</endTime>
            <elementValue>
              <value>75</value>
              <measures>百分比</measures>
            </elementValue>
          </time>
          <time>
            <startTime>2021-01-06T00:00:00+08:00</startTime>
            <endTime>2021-01-07T00:00:00+08:00</endTime>
            <elementValue>
              <value>72</value>
              <measures>百分比</measures>
            </elementValue>
          </time>
          <time>
            <startTime>2021-01-07T00:00:00+08:00</startTime>
            <endTime>2021-01-08T00:00:00+08:00</endTime>
            <elementValue>
              <value>75</value>
              <measures>百分比</measures>
            </elementValue>
          </time>
          <time>
            <startTime>2021-01-08T00:00:00+08:00</startTime>
            <endTime>2021-01-09T00:00:00+08:00</endTime>
            <elementValue>
              <value>66</value>
              <measures>百分比</measures>
            </elementValue>
          </time>
          <time>
            <startTime>2021-01-09T00:00:00+08:00</startTime>
            <endTime>2021-01-10T00:00:00+08:00</endTime>
            <elementValue>
              <value>62</value>
              <measures>百分比</measures>
            </elementValue>
          </time>
        </weatherElement>
        <weatherElement>
          <elementName>MaxT</elementName>
          <description>最高溫度</description>
          <time>
            <startTime>2021-01-03T12:00:00+08:00</startTime>
            <endTime>2021-01-04T00:00:00+08:00</endTime>
            <elementValue>
              <value>23</value>
              <measures>攝氏度</measures>
            </elementValue>
          </time>
          <time>
            <startTime>2021-01-04T00:00:00+08:00</startTime>
            <endTime>2021-01-05T00:00:00+08:00</endTime>
            <elementValue>
              <value>25</value>
              <measures>攝氏度</measures>
            </elementValue>
          </time>
          <time>
            <startTime>2021-01-05T00:00:00+08:00</startTime>
            <endTime>2021-01-06T00:00:00+08:00</endTime>
            <elementValue>
              <value>25</value>
              <measures>攝氏度</measures>
            </elementValue>
          </time>
          <time>
            <startTime>2021-01-06T00:00:00+08:00</startTime>
            <endTime>2021-01-07T00:00:00+08:00</endTime>
            <elementValue>
              <value>23</value>
              <measures>攝氏度</measures>
            </elementValue>
          </time>
          <time>
            <startTime>2021-01-07T00:00:00+08:00</startTime>
            <endTime>2021-01-08T00:00:00+08:00</endTime>
            <elementValue>
              <value>17</value>
              <measures>攝氏度</measures>
            </elementValue>
          </time>
          <time>
            <startTime>2021-01-08T00:00:00+08:00</startTime>
            <endTime>2021-01-09T00:00:00+08:00</endTime>
            <elementValue>
              <value>14</value>
              <measures>攝氏度</measures>
            </elementValue>
          </time>
          <time>
            <startTime>2021-01-09T00:00:00+08:00</startTime>
            <endTime>2021-01-10T00:00:00+08:00</endTime>
            <elementValue>
              <value>18</value>
              <measures>攝氏度</measures>
            </elementValue>
          </time>
        </weatherElement>
        <weatherElement>
          <elementName>MinT</elementName>
          <description>最低溫度</description>
          <time>
            <startTime>2021-01-03T12:00:00+08:00</startTime>
            <endTime>2021-01-04T00:00:00+08:00</endTime>
            <elementValue>
              <value>16</value>
              <measures>攝氏度</measures>
            </elementValue>
          </time>
          <time>
            <startTime>2021-01-04T00:00:00+08:00</startTime>
            <endTime>2021-01-05T00:00:00+08:00</endTime>
            <elementValue>
              <value>14</value>
              <measures>攝氏度</measures>
            </elementValue>
          </time>
          <time>
            <startTime>2021-01-05T00:00:00+08:00</startTime>
            <endTime>2021-01-06T00:00:00+08:00</endTime>
            <elementValue>
              <value>16</value>
              <measures>攝氏度</measures>
            </elementValue>
          </time>
          <time>
            <startTime>2021-01-06T00:00:00+08:00</startTime>
            <endTime>2021-01-07T00:00:00+08:00</endTime>
            <elementValue>
              <value>15</value>
              <measures>攝氏度</measures>
            </elementValue>
          </time>
          <time>
            <startTime>2021-01-07T00:00:00+08:00</startTime>
            <endTime>2021-01-08T00:00:00+08:00</endTime>
            <elementValue>
              <value>14</value>
              <measures>攝氏度</measures>
            </elementValue>
          </time>
          <time>
            <startTime>2021-01-08T00:00:00+08:00</startTime>
            <endTime>2021-01-09T00:00:00+08:00</endTime>
            <elementValue>
              <value>10</value>
              <measures>攝氏度</measures>
            </elementValue>
          </time>
          <time>
            <startTime>2021-01-09T00:00:00+08:00</startTime>
            <endTime>2021-01-10T00:00:00+08:00</endTime>
            <elementValue>
              <value>10</value>
              <measures>攝氏度</measures>
            </elementValue>
          </time>
        </weatherElement>
        <weatherElement>
          <elementName>MaxAT</elementName>
          <description>最高體感溫度</description>
          <time>
            <startTime>2021-01-03T12:00:00+08:00</startTime>
            <endTime>2021-01-04T00:00:00+08:00</endTime>
            <elementValue>
              <value>22</value>
              <measures>攝氏度</measures>
            </elementValue>
          </time>
          <time>
            <startTime>2021-01-04T00:00:00+08:00</startTime>
            <endTime>2021-01-05T00:00:00+08:00</endTime>
            <elementValue>
              <value>25</value>
              <measures>攝氏度</measures>
            </elementValue>
          </time>
          <time>
            <startTime>2021-01-05T00:00:00+08:00</startTime>
            <endTime>2021-01-06T00:00:00+08:00</endTime>
            <elementValue>
              <value>24</value>
              <measures>攝氏度</measures>
            </elementValue>
          </time>
          <time>
            <startTime>2021-01-06T00:00:00+08:00</startTime>
            <endTime>2021-01-07T00:00:00+08:00</endTime>
            <elementValue>
              <value>22</value>
              <measures>攝氏度</measures>
            </elementValue>
          </time>
          <time>
            <startTime>2021-01-07T00:00:00+08:00</startTime>
            <endTime>2021-01-08T00:00:00+08:00</endTime>
            <elementValue>
              <value>17</value>
              <measures>攝氏度</measures>
            </elementValue>
          </time>
          <time>
            <startTime>2021-01-08T00:00:00+08:00</startTime>
            <endTime>2021-01-09T00:00:00+08:00</endTime>
            <elementValue>
              <value>11</value>
              <measures>攝氏度</measures>
            </elementValue>
          </time>
          <time>
            <startTime>2021-01-09T00:00:00+08:00</startTime>
            <endTime>2021-01-10T00:00:00+08:00</endTime>
            <elementValue>
              <value>16</value>
              <measures>攝氏度</measures>
            </elementValue>
          </time>
        </weatherElement>
        <weatherElement>
          <elementName>MinAT</elementName>
          <description>最低體感溫度</description>
          <time>
            <startTime>2021-01-03T12:00:00+08:00</startTime>
            <endTime>2021-01-04T00:00:00+08:00</endTime>
            <elementValue>
              <value>15</value>
              <measures>攝氏度</measures>
            </elementValue>
          </time>
          <time>
            <startTime>2021-01-04T00:00:00+08:00</startTime>
            <endTime>2021-01-05T00:00:00+08:00</endTime>
            <elementValue>
              <value>12</value>
              <measures>攝氏度</measures>
            </elementValue>
          </time>
          <time>
            <startTime>2021-01-05T00:00:00+08:00</startTime>
            <endTime>2021-01-06T00:00:00+08:00</endTime>
            <elementValue>
              <value>14</value>
              <measures>攝氏度</measures>
            </elementValue>
          </time>
          <time>
            <startTime>2021-01-06T00:00:00+08:00</startTime>
            <endTime>2021-01-07T00:00:00+08:00</endTime>
            <elementValue>
              <value>14</value>
              <measures>攝氏度</measures>
            </elementValue>
          </time>
          <time>
            <startTime>2021-01-07T00:00:00+08:00</startTime>
            <endTime>2021-01-08T00:00:00+08:00</endTime>
            <elementValue>
              <value>10</value>
              <measures>攝氏度</measures>
            </elementValue>
          </time>
          <time>
            <startTime>2021-01-08T00:00:00+08:00</startTime>
            <endTime>2021-01-09T00:00:00+08:00</endTime>
            <elementValue>
              <value>7</value>
              <measures>攝氏度</measures>
            </elementValue>
          </time>
          <time>
            <startTime>2021-01-09T00:00:00+08:00</startTime>
            <endTime>2021-01-10T00:00:00+08:00</endTime>
            <elementValue>
              <value>7</value>
              <measures>攝氏度</measures>
            </elementValue>
          </time>
        </weatherElement>
        <weatherElement>
          <elementName>MaxCI</elementName>
          <description>最大舒適度指數</description>
          <time>
            <startTime>2021-01-03T12:00:00+08:00</startTime>
            <endTime>2021-01-04T00:00:00+08:00</endTime>
            <elementValue>
              <value>20</value>
              <measures>NA</measures>
            </elementValue>
          </time>
          <time>
            <startTime>2021-01-04T00:00:00+08:00</startTime>
            <endTime>2021-01-05T00:00:00+08:00</endTime>
            <elementValue>
              <value>22</value>
              <measures>NA</measures>
            </elementValue>
          </time>
          <time>
            <startTime>2021-01-05T00:00:00+08:00</startTime>
            <endTime>2021-01-06T00:00:00+08:00</endTime>
            <elementValue>
              <value>22</value>
              <measures>NA</measures>
            </elementValue>
          </time>
          <time>
            <startTime>2021-01-06T00:00:00+08:00</startTime>
            <endTime>2021-01-07T00:00:00+08:00</endTime>
            <elementValue>
              <value>20</value>
              <measures>NA</measures>
            </elementValue>
          </time>
          <time>
            <startTime>2021-01-07T00:00:00+08:00</startTime>
            <endTime>2021-01-08T00:00:00+08:00</endTime>
            <elementValue>
              <value>17</value>
              <measures>NA</measures>
            </elementValue>
          </time>
          <time>
            <startTime>2021-01-08T00:00:00+08:00</startTime>
            <endTime>2021-01-09T00:00:00+08:00</endTime>
            <elementValue>
              <value>14</value>
              <measures>NA</measures>
            </elementValue>
          </time>
          <time>
            <startTime>2021-01-09T00:00:00+08:00</startTime>
            <endTime>2021-01-10T00:00:00+08:00</endTime>
            <elementValue>
              <value>17</value>
              <measures>NA</measures>
            </elementValue>
          </time>
        </weatherElement>
        <weatherElement>
          <elementName>MinCI</elementName>
          <description>最小舒適度指數</description>
          <time>
            <startTime>2021-01-03T12:00:00+08:00</startTime>
            <endTime>2021-01-04T00:00:00+08:00</endTime>
            <elementValue>
              <value>16</value>
              <measures>NA</measures>
            </elementValue>
          </time>
          <time>
            <startTime>2021-01-04T00:00:00+08:00</startTime>
            <endTime>2021-01-05T00:00:00+08:00</endTime>
            <elementValue>
              <value>14</value>
              <measures>NA</measures>
            </elementValue>
          </time>
          <time>
            <startTime>2021-01-05T00:00:00+08:00</startTime>
            <endTime>2021-01-06T00:00:00+08:00</endTime>
            <elementValue>
              <value>16</value>
              <measures>NA</measures>
            </elementValue>
          </time>
          <time>
            <startTime>2021-01-06T00:00:00+08:00</startTime>
            <endTime>2021-01-07T00:00:00+08:00</endTime>
            <elementValue>
              <value>15</value>
              <measures>NA</measures>
            </elementValue>
          </time>
          <time>
            <startTime>2021-01-07T00:00:00+08:00</startTime>
            <endTime>2021-01-08T00:00:00+08:00</endTime>
            <elementValue>
              <value>14</value>
              <measures>NA</measures>
            </elementValue>
          </time>
          <time>
            <startTime>2021-01-08T00:00:00+08:00</startTime>
            <endTime>2021-01-09T00:00:00+08:00</endTime>
            <elementValue>
              <value>11</value>
              <measures>NA</measures>
            </elementValue>
          </time>
          <time>
            <startTime>2021-01-09T00:00:00+08:00</startTime>
            <endTime>2021-01-10T00:00:00+08:00</endTime>
            <elementValue>
              <value>10</value>
              <measures>NA</measures>
            </elementValue>
          </time>
        </weatherElement>
        <weatherElement>
          <elementName>PoP24h</elementName>
          <description>24小時降雨機率</description>
          <time>
            <startTime>2021-01-03T12:00:00+08:00</startTime>
            <endTime>2021-01-04T00:00:00+08:00</endTime>
            <elementValue>
              <value>0</value>
              <measures>百分比</measures>
            </elementValue>
          </time>
          <time>
            <startTime>2021-01-04T00:00:00+08:00</startTime>
            <endTime>2021-01-05T00:00:00+08:00</endTime>
            <elementValue>
              <value>0</value>
              <measures>百分比</measures>
            </elementValue>
          </time>
          <time>
            <startTime>2021-01-05T00:00:00+08:00</startTime>
            <endTime>2021-01-06T00:00:00+08:00</endTime>
            <elementValue>
              <value>10</value>
              <measures>百分比</measures>
            </elementValue>
          </time>
          <time>
            <startTime>2021-01-06T00:00:00+08:00</startTime>
            <endTime>2021-01-07T00:00:00+08:00</endTime>
            <elementValue>
              <value> </value>
              <measures>百分比</measures>
            </elementValue>
          </time>
          <time>
            <startTime>2021-01-07T00:00:00+08:00</startTime>
            <endTime>2021-01-08T00:00:00+08:00</endTime>
            <elementValue>
              <value> </value>
              <measures>百分比</measures>
            </elementValue>
          </time>
          <time>
            <startTime>2021-01-08T00:00:00+08:00</startTime>
            <endTime>2021-01-09T00:00:00+08:00</endTime>
            <elementValue>
              <value> </value>
              <measures>百分比</measures>
            </elementValue>
          </time>
          <time>
            <startTime>2021-01-09T00:00:00+08:00</startTime>
            <endTime>2021-01-10T00:00:00+08:00</endTime>
            <elementValue>
              <value> </value>
              <measures>百分比</measures>
            </elementValue>
          </time>
        </weatherElement>
        <weatherElement>
          <elementName>WD</elementName>
          <description>風向</description>
          <time>
            <startTime>2021-01-03T12:00:00+08:00</startTime>
            <endTime>2021-01-04T00:00:00+08:00</endTime>
            <elementValue>
              <value>偏北風</value>
              <measures>8方位</measures>
            </elementValue>
          </time>
          <time>
            <startTime>2021-01-04T00:00:00+08:00</startTime>
            <endTime>2021-01-05T00:00:00+08:00</endTime>
            <elementValue>
              <value>偏北風</value>
              <measures>8方位</measures>
            </elementValue>
          </time>
          <time>
            <startTime>2021-01-05T00:00:00+08:00</startTime>
            <endTime>2021-01-06T00:00:00+08:00</endTime>
            <elementValue>
              <value>偏北風</value>
              <measures>8方位</measures>
            </elementValue>
          </time>
          <time>
            <startTime>2021-01-06T00:00:00+08:00</startTime>
            <endTime>2021-01-07T00:00:00+08:00</endTime>
            <elementValue>
              <value>偏北風</value>
              <measures>8方位</measures>
            </elementValue>
          </time>
          <time>
            <startTime>2021-01-07T00:00:00+08:00</startTime>
            <endTime>2021-01-08T00:00:00+08:00</endTime>
            <elementValue>
              <value>偏北風</value>
              <measures>8方位</measures>
            </elementValue>
          </time>
          <time>
            <startTime>2021-01-08T00:00:00+08:00</startTime>
            <endTime>2021-01-09T00:00:00+08:00</endTime>
            <elementValue>
              <value>偏北風</value>
              <measures>8方位</measures>
            </elementValue>
          </time>
          <time>
            <startTime>2021-01-09T00:00:00+08:00</startTime>
            <endTime>2021-01-10T00:00:00+08:00</endTime>
            <elementValue>
              <value>偏北風</value>
              <measures>8方位</measures>
            </elementValue>
          </time>
        </weatherElement>
        <weatherElement>
          <elementName>WS</elementName>
          <description>最大風速</description>
          <time>
            <startTime>2021-01-03T12:00:00+08:00</startTime>
            <endTime>2021-01-04T00:00:00+08:00</endTime>
            <elementValue>
              <value>5</value>
              <measures>公尺/秒</measures>
            </elementValue>
            <elementValue>
              <value>3</value>
              <measures>蒲福風級</measures>
            </elementValue>
          </time>
          <time>
            <startTime>2021-01-04T00:00:00+08:00</startTime>
            <endTime>2021-01-05T00:00:00+08:00</endTime>
            <elementValue>
              <value>4</value>
              <measures>公尺/秒</measures>
            </elementValue>
            <elementValue>
              <value>3</value>
              <measures>蒲福風級</measures>
            </elementValue>
          </time>
          <time>
            <startTime>2021-01-05T00:00:00+08:00</startTime>
            <endTime>2021-01-06T00:00:00+08:00</endTime>
            <elementValue>
              <value>5</value>
              <measures>公尺/秒</measures>
            </elementValue>
            <elementValue>
              <value>3</value>
              <measures>蒲福風級</measures>
            </elementValue>
          </time>
          <time>
            <startTime>2021-01-06T00:00:00+08:00</startTime>
            <endTime>2021-01-07T00:00:00+08:00</endTime>
            <elementValue>
              <value>4</value>
              <measures>公尺/秒</measures>
            </elementValue>
            <elementValue>
              <value>3</value>
              <measures>蒲福風級</measures>
            </elementValue>
          </time>
          <time>
            <startTime>2021-01-07T00:00:00+08:00</startTime>
            <endTime>2021-01-08T00:00:00+08:00</endTime>
            <elementValue>
              <value>6</value>
              <measures>公尺/秒</measures>
            </elementValue>
            <elementValue>
              <value>4</value>
              <measures>蒲福風級</measures>
            </elementValue>
          </time>
          <time>
            <startTime>2021-01-08T00:00:00+08:00</startTime>
            <endTime>2021-01-09T00:00:00+08:00</endTime>
            <elementValue>
              <value>7</value>
              <measures>公尺/秒</measures>
            </elementValue>
            <elementValue>
              <value>4</value>
              <measures>蒲福風級</measures>
            </elementValue>
          </time>
          <time>
            <startTime>2021-01-09T00:00:00+08:00</startTime>
            <endTime>2021-01-10T00:00:00+08:00</endTime>
            <elementValue>
              <value>4</value>
              <measures>公尺/秒</measures>
            </elementValue>
            <elementValue>
              <value>3</value>
              <measures>蒲福風級</measures>
            </elementValue>
          </time>
        </weatherElement>
        <weatherElement>
          <elementName>Wx</elementName>
          <description>天氣現象</description>
          <time>
            <startTime>2021-01-03T12:00:00+08:00</startTime>
            <endTime>2021-01-04T00:00:00+08:00</endTime>
            <elementValue>
              <value>晴時多雲</value>
              <measures>自定義 Wx 文字</measures>
            </elementValue>
            <elementValue>
              <value>02</value>
              <measures>自定義 Wx 單位</measures>
            </elementValue>
          </time>
          <time>
            <startTime>2021-01-04T00:00:00+08:00</startTime>
            <endTime>2021-01-05T00:00:00+08:00</endTime>
            <elementValue>
              <value>晴時多雲</value>
              <measures>自定義 Wx 文字</measures>
            </elementValue>
            <elementValue>
              <value>02</value>
              <measures>自定義 Wx 單位</measures>
            </elementValue>
          </time>
          <time>
            <startTime>2021-01-05T00:00:00+08:00</startTime>
            <endTime>2021-01-06T00:00:00+08:00</endTime>
            <elementValue>
              <value>多雲</value>
              <measures>自定義 Wx 文字</measures>
            </elementValue>
            <elementValue>
              <value>04</value>
              <measures>自定義 Wx 單位</measures>
            </elementValue>
          </time>
          <time>
            <startTime>2021-01-06T00:00:00+08:00</startTime>
            <endTime>2021-01-07T00:00:00+08:00</endTime>
            <elementValue>
              <value>多雲時陰</value>
              <measures>自定義 Wx 文字</measures>
            </elementValue>
            <elementValue>
              <value>05</value>
              <measures>自定義 Wx 單位</measures>
            </elementValue>
          </time>
          <time>
            <startTime>2021-01-07T00:00:00+08:00</startTime>
            <endTime>2021-01-08T00:00:00+08:00</endTime>
            <elementValue>
              <value>多雲時陰</value>
              <measures>自定義 Wx 文字</measures>
            </elementValue>
            <elementValue>
              <value>05</value>
              <measures>自定義 Wx 單位</measures>
            </elementValue>
          </time>
          <time>
            <startTime>2021-01-08T00:00:00+08:00</startTime>
            <endTime>2021-01-09T00:00:00+08:00</endTime>
            <elementValue>
              <value>多雲</value>
              <measures>自定義 Wx 文字</measures>
            </elementValue>
            <elementValue>
              <value>04</value>
              <measures>自定義 Wx 單位</measures>
            </elementValue>
          </time>
          <time>
            <startTime>2021-01-09T00:00:00+08:00</startTime>
            <endTime>2021-01-10T00:00:00+08:00</endTime>
            <elementValue>
              <value>多雲</value>
              <measures>自定義 Wx 文字</measures>
            </elementValue>
            <elementValue>
              <value>04</value>
              <measures>自定義 Wx 單位</measures>
            </elementValue>
          </time>
        </weatherElement>
        <weatherElement>
          <elementName>UVI</elementName>
          <description>紫外線指數</description>
          <time>
            <startTime>2021-01-03T06:00:00+08:00</startTime>
            <endTime>2021-01-03T18:00:00+08:00</endTime>
            <elementValue>
              <value>5</value>
              <measures>紫外線指數</measures>
            </elementValue>
            <elementValue>
              <value>中量級</value>
              <measures>曝曬級數</measures>
            </elementValue>
          </time>
          <time>
            <startTime>2021-01-04T06:00:00+08:00</startTime>
            <endTime>2021-01-04T18:00:00+08:00</endTime>
            <elementValue>
              <value>5</value>
              <measures>紫外線指數</measures>
            </elementValue>
            <elementValue>
              <value>中量級</value>
              <measures>曝曬級數</measures>
            </elementValue>
          </time>
          <time>
            <startTime>2021-01-05T06:00:00+08:00</startTime>
            <endTime>2021-01-05T18:00:00+08:00</endTime>
            <elementValue>
              <value>5</value>
              <measures>紫外線指數</measures>
            </elementValue>
            <elementValue>
              <value>中量級</value>
              <measures>曝曬級數</measures>
            </elementValue>
          </time>
          <time>
            <startTime>2021-01-06T06:00:00+08:00</startTime>
            <endTime>2021-01-06T18:00:00+08:00</endTime>
            <elementValue>
              <value>4</value>
              <measures>紫外線指數</measures>
            </elementValue>
            <elementValue>
              <value>中量級</value>
              <measures>曝曬級數</measures>
            </elementValue>
          </time>
          <time>
            <startTime>2021-01-07T06:00:00+08:00</startTime>
            <endTime>2021-01-07T18:00:00+08:00</endTime>
            <elementValue>
              <value>3</value>
              <measures>紫外線指數</measures>
            </elementValue>
            <elementValue>
              <value>中量級</value>
              <measures>曝曬級數</measures>
            </elementValue>
          </time>
          <time>
            <startTime>2021-01-08T06:00:00+08:00</startTime>
            <endTime>2021-01-08T18:00:00+08:00</endTime>
            <elementValue>
              <value>3</value>
              <measures>紫外線指數</measures>
            </elementValue>
            <elementValue>
              <value>中量級</value>
              <measures>曝曬級數</measures>
            </elementValue>
          </time>
          <time>
            <startTime>2021-01-09T06:00:00+08:00</startTime>
            <endTime>2021-01-09T18:00:00+08:00</endTime>
            <elementValue>
              <value>4</value>
              <measures>紫外線指數</measures>
            </elementValue>
            <elementValue>
              <value>中量級</value>
              <measures>曝曬級數</measures>
            </elementValue>
          </time>
        </weatherElement>
        <weatherElement>
          <elementName>WeatherDescription</elementName>
          <description>天氣預報綜合描述</description>
          <time>
            <startTime>2021-01-03T12:00:00+08:00</startTime>
            <endTime>2021-01-04T00:00:00+08:00</endTime>
            <elementValue>
              <value>晴時多雲。降雨機率 0%。溫度攝氏16至23度。稍有寒意至舒適。偏北風 風速3級(每秒5公尺)。相對濕度67%。</value>
              <measures>NA</measures>
            </elementValue>
          </time>
          <time>
            <startTime>2021-01-04T00:00:00+08:00</startTime>
            <endTime>2021-01-05T00:00:00+08:00</endTime>
            <elementValue>
              <value>晴時多雲。降雨機率 0%。溫度攝氏14至25度。寒冷至舒適。偏北風 風速3級(每秒4公尺)。相對濕度74%。</value>
              <measures>NA</measures>
            </elementValue>
          </time>
          <time>
            <startTime>2021-01-05T00:00:00+08:00</startTime>
            <endTime>2021-01-06T00:00:00+08:00</endTime>
            <elementValue>
              <value>多雲。降雨機率 10%。溫度攝氏16至25度。稍有寒意至舒適。偏北風 風速3級(每秒5公尺)。相對濕度75%。</value>
              <measures>NA</measures>
            </elementValue>
          </time>
          <time>
            <startTime>2021-01-06T00:00:00+08:00</startTime>
            <endTime>2021-01-07T00:00:00+08:00</endTime>
            <elementValue>
              <value>多雲時陰。溫度攝氏15至23度。寒冷至舒適。偏北風 風速3級(每秒4公尺)。相對濕度72%。</value>
              <measures>NA</measures>
            </elementValue>
          </time>
          <time>
            <startTime>2021-01-07T00:00:00+08:00</startTime>
            <endTime>2021-01-08T00:00:00+08:00</endTime>
            <elementValue>
              <value>多雲時陰。溫度攝氏14至17度。寒冷至稍有寒意。偏北風 風速4級(每秒6公尺)。相對濕度75%。</value>
              <measures>NA</measures>
            </elementValue>
          </time>
          <time>
            <startTime>2021-01-08T00:00:00+08:00</startTime>
            <endTime>2021-01-09T00:00:00+08:00</endTime>
            <elementValue>
              <value>多雲。溫度攝氏10至14度。寒冷。偏北風 風速4級(每秒7公尺)。相對濕度66%。</value>
              <measures>NA</measures>
            </elementValue>
          </time>
          <time>
            <startTime>2021-01-09T00:00:00+08:00</startTime>
            <endTime>2021-01-10T00:00:00+08:00</endTime>
            <elementValue>
              <value>多雲。溫度攝氏10至18度。非常寒冷至稍有寒意。偏北風 風速3級(每秒4公尺)。相對濕度62%。</value>
              <measures>NA</measures>
            </elementValue>
          </time>
        </weatherElement>
      </location>
      <location>
        <locationName>西區</locationName>
        <geocode>1002002</geocode>
        <lat>23.466267</lat>
        <lon>120.427285</lon>
        <weatherElement>
          <elementName>T</elementName>
          <description>平均溫度</description>
          <time>
            <startTime>2021-01-03T12:00:00+08:00</startTime>
            <endTime>2021-01-04T00:00:00+08:00</endTime>
            <elementValue>
              <value>20</value>
              <measures>攝氏度</measures>
            </elementValue>
          </time>
          <time>
            <startTime>2021-01-04T00:00:00+08:00</startTime>
            <endTime>2021-01-05T00:00:00+08:00</endTime>
            <elementValue>
              <value>19</value>
              <measures>攝氏度</measures>
            </elementValue>
          </time>
          <time>
            <startTime>2021-01-05T00:00:00+08:00</startTime>
            <endTime>2021-01-06T00:00:00+08:00</endTime>
            <elementValue>
              <value>20</value>
              <measures>攝氏度</measures>
            </elementValue>
          </time>
          <time>
            <startTime>2021-01-06T00:00:00+08:00</startTime>
            <endTime>2021-01-07T00:00:00+08:00</endTime>
            <elementValue>
              <value>18</value>
              <measures>攝氏度</measures>
            </elementValue>
          </time>
          <time>
            <startTime>2021-01-07T00:00:00+08:00</startTime>
            <endTime>2021-01-08T00:00:00+08:00</endTime>
            <elementValue>
              <value>17</value>
              <measures>攝氏度</measures>
            </elementValue>
          </time>
          <time>
            <startTime>2021-01-08T00:00:00+08:00</startTime>
            <endTime>2021-01-09T00:00:00+08:00</endTime>
            <elementValue>
              <value>13</value>
              <measures>攝氏度</measures>
            </elementValue>
          </time>
          <time>
            <startTime>2021-01-09T00:00:00+08:00</startTime>
            <endTime>2021-01-10T00:00:00+08:00</endTime>
            <elementValue>
              <value>14</value>
              <measures>攝氏度</measures>
            </elementValue>
          </time>
        </weatherElement>
        <weatherElement>
          <elementName>Td</elementName>
          <description>平均露點溫度</description>
          <time>
            <startTime>2021-01-03T12:00:00+08:00</startTime>
            <endTime>2021-01-04T00:00:00+08:00</endTime>
            <elementValue>
              <value>13</value>
              <measures>攝氏度</measures>
            </elementValue>
          </time>
          <time>
            <startTime>2021-01-04T00:00:00+08:00</startTime>
            <endTime>2021-01-05T00:00:00+08:00</endTime>
            <elementValue>
              <value>14</value>
              <measures>攝氏度</measures>
            </elementValue>
          </time>
          <time>
            <startTime>2021-01-05T00:00:00+08:00</startTime>
            <endTime>2021-01-06T00:00:00+08:00</endTime>
            <elementValue>
              <value>15</value>
              <measures>攝氏度</measures>
            </elementValue>
          </time>
          <time>
            <startTime>2021-01-06T00:00:00+08:00</startTime>
            <endTime>2021-01-07T00:00:00+08:00</endTime>
            <elementValue>
              <value>12</value>
              <measures>攝氏度</measures>
            </elementValue>
          </time>
          <time>
            <startTime>2021-01-07T00:00:00+08:00</startTime>
            <endTime>2021-01-08T00:00:00+08:00</endTime>
            <elementValue>
              <value>12</value>
              <measures>攝氏度</measures>
            </elementValue>
          </time>
          <time>
            <startTime>2021-01-08T00:00:00+08:00</startTime>
            <endTime>2021-01-09T00:00:00+08:00</endTime>
            <elementValue>
              <value>6</value>
              <measures>攝氏度</measures>
            </elementValue>
          </time>
          <time>
            <startTime>2021-01-09T00:00:00+08:00</startTime>
            <endTime>2021-01-10T00:00:00+08:00</endTime>
            <elementValue>
              <value>6</value>
              <measures>攝氏度</measures>
            </elementValue>
          </time>
        </weatherElement>
        <weatherElement>
          <elementName>RH</elementName>
          <description>平均相對濕度</description>
          <time>
            <startTime>2021-01-03T12:00:00+08:00</startTime>
            <endTime>2021-01-04T00:00:00+08:00</endTime>
            <elementValue>
              <value>68</value>
              <measures>百分比</measures>
            </elementValue>
          </time>
          <time>
            <startTime>2021-01-04T00:00:00+08:00</startTime>
            <endTime>2021-01-05T00:00:00+08:00</endTime>
            <elementValue>
              <value>76</value>
              <measures>百分比</measures>
            </elementValue>
          </time>
          <time>
            <startTime>2021-01-05T00:00:00+08:00</startTime>
            <endTime>2021-01-06T00:00:00+08:00</endTime>
            <elementValue>
              <value>75</value>
              <measures>百分比</measures>
            </elementValue>
          </time>
          <time>
            <startTime>2021-01-06T00:00:00+08:00</startTime>
            <endTime>2021-01-07T00:00:00+08:00</endTime>
            <elementValue>
              <value>71</value>
              <measures>百分比</measures>
            </elementValue>
          </time>
          <time>
            <startTime>2021-01-07T00:00:00+08:00</startTime>
            <endTime>2021-01-08T00:00:00+08:00</endTime>
            <elementValue>
              <value>73</value>
              <measures>百分比</measures>
            </elementValue>
          </time>
          <time>
            <startTime>2021-01-08T00:00:00+08:00</startTime>
            <endTime>2021-01-09T00:00:00+08:00</endTime>
            <elementValue>
              <value>63</value>
              <measures>百分比</measures>
            </elementValue>
          </time>
          <time>
            <startTime>2021-01-09T00:00:00+08:00</startTime>
            <endTime>2021-01-10T00:00:00+08:00</endTime>
            <elementValue>
              <value>61</value>
              <measures>百分比</measures>
            </elementValue>
          </time>
        </weatherElement>
        <weatherElement>
          <elementName>MaxT</elementName>
          <description>最高溫度</description>
          <time>
            <startTime>2021-01-03T12:00:00+08:00</startTime>
            <endTime>2021-01-04T00:00:00+08:00</endTime>
            <elementValue>
              <value>23</value>
              <measures>攝氏度</measures>
            </elementValue>
          </time>
          <time>
            <startTime>2021-01-04T00:00:00+08:00</startTime>
            <endTime>2021-01-05T00:00:00+08:00</endTime>
            <elementValue>
              <value>26</value>
              <measures>攝氏度</measures>
            </elementValue>
          </time>
          <time>
            <startTime>2021-01-05T00:00:00+08:00</startTime>
            <endTime>2021-01-06T00:00:00+08:00</endTime>
            <elementValue>
              <value>25</value>
              <measures>攝氏度</measures>
            </elementValue>
          </time>
          <time>
            <startTime>2021-01-06T00:00:00+08:00</startTime>
            <endTime>2021-01-07T00:00:00+08:00</endTime>
            <elementValue>
              <value>23</value>
              <measures>攝氏度</measures>
            </elementValue>
          </time>
          <time>
            <startTime>2021-01-07T00:00:00+08:00</startTime>
            <endTime>2021-01-08T00:00:00+08:00</endTime>
            <elementValue>
              <value>18</value>
              <measures>攝氏度</measures>
            </elementValue>
          </time>
          <time>
            <startTime>2021-01-08T00:00:00+08:00</startTime>
            <endTime>2021-01-09T00:00:00+08:00</endTime>
            <elementValue>
              <value>14</value>
              <measures>攝氏度</measures>
            </elementValue>
          </time>
          <time>
            <startTime>2021-01-09T00:00:00+08:00</startTime>
            <endTime>2021-01-10T00:00:00+08:00</endTime>
            <elementValue>
              <value>18</value>
              <measures>攝氏度</measures>
            </elementValue>
          </time>
        </weatherElement>
        <weatherElement>
          <elementName>MinT</elementName>
          <description>最低溫度</description>
          <time>
            <startTime>2021-01-03T12:00:00+08:00</startTime>
            <endTime>2021-01-04T00:00:00+08:00</endTime>
            <elementValue>
              <value>16</value>
              <measures>攝氏度</measures>
            </elementValue>
          </time>
          <time>
            <startTime>2021-01-04T00:00:00+08:00</startTime>
            <endTime>2021-01-05T00:00:00+08:00</endTime>
            <elementValue>
              <value>15</value>
              <measures>攝氏度</measures>
            </elementValue>
          </time>
          <time>
            <startTime>2021-01-05T00:00:00+08:00</startTime>
            <endTime>2021-01-06T00:00:00+08:00</endTime>
            <elementValue>
              <value>17</value>
              <measures>攝氏度</measures>
            </elementValue>
          </time>
          <time>
            <startTime>2021-01-06T00:00:00+08:00</startTime>
            <endTime>2021-01-07T00:00:00+08:00</endTime>
            <elementValue>
              <value>15</value>
              <measures>攝氏度</measures>
            </elementValue>
          </time>
          <time>
            <startTime>2021-01-07T00:00:00+08:00</startTime>
            <endTime>2021-01-08T00:00:00+08:00</endTime>
            <elementValue>
              <value>14</value>
              <measures>攝氏度</measures>
            </elementValue>
          </time>
          <time>
            <startTime>2021-01-08T00:00:00+08:00</startTime>
            <endTime>2021-01-09T00:00:00+08:00</endTime>
            <elementValue>
              <value>11</value>
              <measures>攝氏度</measures>
            </elementValue>
          </time>
          <time>
            <startTime>2021-01-09T00:00:00+08:00</startTime>
            <endTime>2021-01-10T00:00:00+08:00</endTime>
            <elementValue>
              <value>10</value>
              <measures>攝氏度</measures>
            </elementValue>
          </time>
        </weatherElement>
        <weatherElement>
          <elementName>MaxAT</elementName>
          <description>最高體感溫度</description>
          <time>
            <startTime>2021-01-03T12:00:00+08:00</startTime>
            <endTime>2021-01-04T00:00:00+08:00</endTime>
            <elementValue>
              <value>22</value>
              <measures>攝氏度</measures>
            </elementValue>
          </time>
          <time>
            <startTime>2021-01-04T00:00:00+08:00</startTime>
            <endTime>2021-01-05T00:00:00+08:00</endTime>
            <elementValue>
              <value>25</value>
              <measures>攝氏度</measures>
            </elementValue>
          </time>
          <time>
            <startTime>2021-01-05T00:00:00+08:00</startTime>
            <endTime>2021-01-06T00:00:00+08:00</endTime>
            <elementValue>
              <value>24</value>
              <measures>攝氏度</measures>
            </elementValue>
          </time>
          <time>
            <startTime>2021-01-06T00:00:00+08:00</startTime>
            <endTime>2021-01-07T00:00:00+08:00</endTime>
            <elementValue>
              <value>21</value>
              <measures>攝氏度</measures>
            </elementValue>
          </time>
          <time>
            <startTime>2021-01-07T00:00:00+08:00</startTime>
            <endTime>2021-01-08T00:00:00+08:00</endTime>
            <elementValue>
              <value>17</value>
              <measures>攝氏度</measures>
            </elementValue>
          </time>
          <time>
            <startTime>2021-01-08T00:00:00+08:00</startTime>
            <endTime>2021-01-09T00:00:00+08:00</endTime>
            <elementValue>
              <value>11</value>
              <measures>攝氏度</measures>
            </elementValue>
          </time>
          <time>
            <startTime>2021-01-09T00:00:00+08:00</startTime>
            <endTime>2021-01-10T00:00:00+08:00</endTime>
            <elementValue>
              <value>16</value>
              <measures>攝氏度</measures>
            </elementValue>
          </time>
        </weatherElement>
        <weatherElement>
          <elementName>MinAT</elementName>
          <description>最低體感溫度</description>
          <time>
            <startTime>2021-01-03T12:00:00+08:00</startTime>
            <endTime>2021-01-04T00:00:00+08:00</endTime>
            <elementValue>
              <value>15</value>
              <measures>攝氏度</measures>
            </elementValue>
          </time>
          <time>
            <startTime>2021-01-04T00:00:00+08:00</startTime>
            <endTime>2021-01-05T00:00:00+08:00</endTime>
            <elementValue>
              <value>12</value>
              <measures>攝氏度</measures>
            </elementValue>
          </time>
          <time>
            <startTime>2021-01-05T00:00:00+08:00</startTime>
            <endTime>2021-01-06T00:00:00+08:00</endTime>
            <elementValue>
              <value>14</value>
              <measures>攝氏度</measures>
            </elementValue>
          </time>
          <time>
            <startTime>2021-01-06T00:00:00+08:00</startTime>
            <endTime>2021-01-07T00:00:00+08:00</endTime>
            <elementValue>
              <value>14</value>
              <measures>攝氏度</measures>
            </elementValue>
          </time>
          <time>
            <startTime>2021-01-07T00:00:00+08:00</startTime>
            <endTime>2021-01-08T00:00:00+08:00</endTime>
            <elementValue>
              <value>10</value>
              <measures>攝氏度</measures>
            </elementValue>
          </time>
          <time>
            <startTime>2021-01-08T00:00:00+08:00</startTime>
            <endTime>2021-01-09T00:00:00+08:00</endTime>
            <elementValue>
              <value>7</value>
              <measures>攝氏度</measures>
            </elementValue>
          </time>
          <time>
            <startTime>2021-01-09T00:00:00+08:00</startTime>
            <endTime>2021-01-10T00:00:00+08:00</endTime>
            <elementValue>
              <value>7</value>
              <measures>攝氏度</measures>
            </elementValue>
          </time>
        </weatherElement>
        <weatherElement>
          <elementName>MaxCI</elementName>
          <description>最大舒適度指數</description>
          <time>
            <startTime>2021-01-03T12:00:00+08:00</startTime>
            <endTime>2021-01-04T00:00:00+08:00</endTime>
            <elementValue>
              <value>21</value>
              <measures>NA</measures>
            </elementValue>
          </time>
          <time>
            <startTime>2021-01-04T00:00:00+08:00</startTime>
            <endTime>2021-01-05T00:00:00+08:00</endTime>
            <elementValue>
              <value>22</value>
              <measures>NA</measures>
            </elementValue>
          </time>
          <time>
            <startTime>2021-01-05T00:00:00+08:00</startTime>
            <endTime>2021-01-06T00:00:00+08:00</endTime>
            <elementValue>
              <value>22</value>
              <measures>NA</measures>
            </elementValue>
          </time>
          <time>
            <startTime>2021-01-06T00:00:00+08:00</startTime>
            <endTime>2021-01-07T00:00:00+08:00</endTime>
            <elementValue>
              <value>20</value>
              <measures>NA</measures>
            </elementValue>
          </time>
          <time>
            <startTime>2021-01-07T00:00:00+08:00</startTime>
            <endTime>2021-01-08T00:00:00+08:00</endTime>
            <elementValue>
              <value>17</value>
              <measures>NA</measures>
            </elementValue>
          </time>
          <time>
            <startTime>2021-01-08T00:00:00+08:00</startTime>
            <endTime>2021-01-09T00:00:00+08:00</endTime>
            <elementValue>
              <value>14</value>
              <measures>NA</measures>
            </elementValue>
          </time>
          <time>
            <startTime>2021-01-09T00:00:00+08:00</startTime>
            <endTime>2021-01-10T00:00:00+08:00</endTime>
            <elementValue>
              <value>17</value>
              <measures>NA</measures>
            </elementValue>
          </time>
        </weatherElement>
        <weatherElement>
          <elementName>MinCI</elementName>
          <description>最小舒適度指數</description>
          <time>
            <startTime>2021-01-03T12:00:00+08:00</startTime>
            <endTime>2021-01-04T00:00:00+08:00</endTime>
            <elementValue>
              <value>16</value>
              <measures>NA</measures>
            </elementValue>
          </time>
          <time>
            <startTime>2021-01-04T00:00:00+08:00</startTime>
            <endTime>2021-01-05T00:00:00+08:00</endTime>
            <elementValue>
              <value>15</value>
              <measures>NA</measures>
            </elementValue>
          </time>
          <time>
            <startTime>2021-01-05T00:00:00+08:00</startTime>
            <endTime>2021-01-06T00:00:00+08:00</endTime>
            <elementValue>
              <value>16</value>
              <measures>NA</measures>
            </elementValue>
          </time>
          <time>
            <startTime>2021-01-06T00:00:00+08:00</startTime>
            <endTime>2021-01-07T00:00:00+08:00</endTime>
            <elementValue>
              <value>15</value>
              <measures>NA</measures>
            </elementValue>
          </time>
          <time>
            <startTime>2021-01-07T00:00:00+08:00</startTime>
            <endTime>2021-01-08T00:00:00+08:00</endTime>
            <elementValue>
              <value>14</value>
              <measures>NA</measures>
            </elementValue>
          </time>
          <time>
            <startTime>2021-01-08T00:00:00+08:00</startTime>
            <endTime>2021-01-09T00:00:00+08:00</endTime>
            <elementValue>
              <value>11</value>
              <measures>NA</measures>
            </elementValue>
          </time>
          <time>
            <startTime>2021-01-09T00:00:00+08:00</startTime>
            <endTime>2021-01-10T00:00:00+08:00</endTime>
            <elementValue>
              <value>11</value>
              <measures>NA</measures>
            </elementValue>
          </time>
        </weatherElement>
        <weatherElement>
          <elementName>PoP24h</elementName>
          <description>24小時降雨機率</description>
          <time>
            <startTime>2021-01-03T12:00:00+08:00</startTime>
            <endTime>2021-01-04T00:00:00+08:00</endTime>
            <elementValue>
              <value>0</value>
              <measures>百分比</measures>
            </elementValue>
          </time>
          <time>
            <startTime>2021-01-04T00:00:00+08:00</startTime>
            <endTime>2021-01-05T00:00:00+08:00</endTime>
            <elementValue>
              <value>0</value>
              <measures>百分比</measures>
            </elementValue>
          </time>
          <time>
            <startTime>2021-01-05T00:00:00+08:00</startTime>
            <endTime>2021-01-06T00:00:00+08:00</endTime>
            <elementValue>
              <value>10</value>
              <measures>百分比</measures>
            </elementValue>
          </time>
          <time>
            <startTime>2021-01-06T00:00:00+08:00</startTime>
            <endTime>2021-01-07T00:00:00+08:00</endTime>
            <elementValue>
              <value> </value>
              <measures>百分比</measures>
            </elementValue>
          </time>
          <time>
            <startTime>2021-01-07T00:00:00+08:00</startTime>
            <endTime>2021-01-08T00:00:00+08:00</endTime>
            <elementValue>
              <value> </value>
              <measures>百分比</measures>
            </elementValue>
          </time>
          <time>
            <startTime>2021-01-08T00:00:00+08:00</startTime>
            <endTime>2021-01-09T00:00:00+08:00</endTime>
            <elementValue>
              <value> </value>
              <measures>百分比</measures>
            </elementValue>
          </time>
          <time>
            <startTime>2021-01-09T00:00:00+08:00</startTime>
            <endTime>2021-01-10T00:00:00+08:00</endTime>
            <elementValue>
              <value> </value>
              <measures>百分比</measures>
            </elementValue>
          </time>
        </weatherElement>
        <weatherElement>
          <elementName>WD</elementName>
          <description>風向</description>
          <time>
            <startTime>2021-01-03T12:00:00+08:00</startTime>
            <endTime>2021-01-04T00:00:00+08:00</endTime>
            <elementValue>
              <value>偏北風</value>
              <measures>8方位</measures>
            </elementValue>
          </time>
          <time>
            <startTime>2021-01-04T00:00:00+08:00</startTime>
            <endTime>2021-01-05T00:00:00+08:00</endTime>
            <elementValue>
              <value>偏北風</value>
              <measures>8方位</measures>
            </elementValue>
          </time>
          <time>
            <startTime>2021-01-05T00:00:00+08:00</startTime>
            <endTime>2021-01-06T00:00:00+08:00</endTime>
            <elementValue>
              <value>偏北風</value>
              <measures>8方位</measures>
            </elementValue>
          </time>
          <time>
            <startTime>2021-01-06T00:00:00+08:00</startTime>
            <endTime>2021-01-07T00:00:00+08:00</endTime>
            <elementValue>
              <value>偏北風</value>
              <measures>8方位</measures>
            </elementValue>
          </time>
          <time>
            <startTime>2021-01-07T00:00:00+08:00</startTime>
            <endTime>2021-01-08T00:00:00+08:00</endTime>
            <elementValue>
              <value>偏北風</value>
              <measures>8方位</measures>
            </elementValue>
          </time>
          <time>
            <startTime>2021-01-08T00:00:00+08:00</startTime>
            <endTime>2021-01-09T00:00:00+08:00</endTime>
            <elementValue>
              <value>偏北風</value>
              <measures>8方位</measures>
            </elementValue>
          </time>
          <time>
            <startTime>2021-01-09T00:00:00+08:00</startTime>
            <endTime>2021-01-10T00:00:00+08:00</endTime>
            <elementValue>
              <value>偏北風</value>
              <measures>8方位</measures>
            </elementValue>
          </time>
        </weatherElement>
        <weatherElement>
          <elementName>WS</elementName>
          <description>最大風速</description>
          <time>
            <startTime>2021-01-03T12:00:00+08:00</startTime>
            <endTime>2021-01-04T00:00:00+08:00</endTime>
            <elementValue>
              <value>5</value>
              <measures>公尺/秒</measures>
            </elementValue>
            <elementValue>
              <value>3</value>
              <measures>蒲福風級</measures>
            </elementValue>
          </time>
          <time>
            <startTime>2021-01-04T00:00:00+08:00</startTime>
            <endTime>2021-01-05T00:00:00+08:00</endTime>
            <elementValue>
              <value>5</value>
              <measures>公尺/秒</measures>
            </elementValue>
            <elementValue>
              <value>3</value>
              <measures>蒲福風級</measures>
            </elementValue>
          </time>
          <time>
            <startTime>2021-01-05T00:00:00+08:00</startTime>
            <endTime>2021-01-06T00:00:00+08:00</endTime>
            <elementValue>
              <value>6</value>
              <measures>公尺/秒</measures>
            </elementValue>
            <elementValue>
              <value>4</value>
              <measures>蒲福風級</measures>
            </elementValue>
          </time>
          <time>
            <startTime>2021-01-06T00:00:00+08:00</startTime>
            <endTime>2021-01-07T00:00:00+08:00</endTime>
            <elementValue>
              <value>5</value>
              <measures>公尺/秒</measures>
            </elementValue>
            <elementValue>
              <value>3</value>
              <measures>蒲福風級</measures>
            </elementValue>
          </time>
          <time>
            <startTime>2021-01-07T00:00:00+08:00</startTime>
            <endTime>2021-01-08T00:00:00+08:00</endTime>
            <elementValue>
              <value>7</value>
              <measures>公尺/秒</measures>
            </elementValue>
            <elementValue>
              <value>4</value>
              <measures>蒲福風級</measures>
            </elementValue>
          </time>
          <time>
            <startTime>2021-01-08T00:00:00+08:00</startTime>
            <endTime>2021-01-09T00:00:00+08:00</endTime>
            <elementValue>
              <value>7</value>
              <measures>公尺/秒</measures>
            </elementValue>
            <elementValue>
              <value>4</value>
              <measures>蒲福風級</measures>
            </elementValue>
          </time>
          <time>
            <startTime>2021-01-09T00:00:00+08:00</startTime>
            <endTime>2021-01-10T00:00:00+08:00</endTime>
            <elementValue>
              <value>4</value>
              <measures>公尺/秒</measures>
            </elementValue>
            <elementValue>
              <value>3</value>
              <measures>蒲福風級</measures>
            </elementValue>
          </time>
        </weatherElement>
        <weatherElement>
          <elementName>Wx</elementName>
          <description>天氣現象</description>
          <time>
            <startTime>2021-01-03T12:00:00+08:00</startTime>
            <endTime>2021-01-04T00:00:00+08:00</endTime>
            <elementValue>
              <value>晴時多雲</value>
              <measures>自定義 Wx 文字</measures>
            </elementValue>
            <elementValue>
              <value>02</value>
              <measures>自定義 Wx 單位</measures>
            </elementValue>
          </time>
          <time>
            <startTime>2021-01-04T00:00:00+08:00</startTime>
            <endTime>2021-01-05T00:00:00+08:00</endTime>
            <elementValue>
              <value>晴時多雲</value>
              <measures>自定義 Wx 文字</measures>
            </elementValue>
            <elementValue>
              <value>02</value>
              <measures>自定義 Wx 單位</measures>
            </elementValue>
          </time>
          <time>
            <startTime>2021-01-05T00:00:00+08:00</startTime>
            <endTime>2021-01-06T00:00:00+08:00</endTime>
            <elementValue>
              <value>多雲</value>
              <measures>自定義 Wx 文字</measures>
            </elementValue>
            <elementValue>
              <value>04</value>
              <measures>自定義 Wx 單位</measures>
            </elementValue>
          </time>
          <time>
            <startTime>2021-01-06T00:00:00+08:00</startTime>
            <endTime>2021-01-07T00:00:00+08:00</endTime>
            <elementValue>
              <value>多雲時陰</value>
              <measures>自定義 Wx 文字</measures>
            </elementValue>
            <elementValue>
              <value>05</value>
              <measures>自定義 Wx 單位</measures>
            </elementValue>
          </time>
          <time>
            <startTime>2021-01-07T00:00:00+08:00</startTime>
            <endTime>2021-01-08T00:00:00+08:00</endTime>
            <elementValue>
              <value>多雲時陰</value>
              <measures>自定義 Wx 文字</measures>
            </elementValue>
            <elementValue>
              <value>05</value>
              <measures>自定義 Wx 單位</measures>
            </elementValue>
          </time>
          <time>
            <startTime>2021-01-08T00:00:00+08:00</startTime>
            <endTime>2021-01-09T00:00:00+08:00</endTime>
            <elementValue>
              <value>多雲</value>
              <measures>自定義 Wx 文字</measures>
            </elementValue>
            <elementValue>
              <value>04</value>
              <measures>自定義 Wx 單位</measures>
            </elementValue>
          </time>
          <time>
            <startTime>2021-01-09T00:00:00+08:00</startTime>
            <endTime>2021-01-10T00:00:00+08:00</endTime>
            <elementValue>
              <value>多雲</value>
              <measures>自定義 Wx 文字</measures>
            </elementValue>
            <elementValue>
              <value>04</value>
              <measures>自定義 Wx 單位</measures>
            </elementValue>
          </time>
        </weatherElement>
        <weatherElement>
          <elementName>UVI</elementName>
          <description>紫外線指數</description>
          <time>
            <startTime>2021-01-03T06:00:00+08:00</startTime>
            <endTime>2021-01-03T18:00:00+08:00</endTime>
            <elementValue>
              <value>5</value>
              <measures>紫外線指數</measures>
            </elementValue>
            <elementValue>
              <value>中量級</value>
              <measures>曝曬級數</measures>
            </elementValue>
          </time>
          <time>
            <startTime>2021-01-04T06:00:00+08:00</startTime>
            <endTime>2021-01-04T18:00:00+08:00</endTime>
            <elementValue>
              <value>5</value>
              <measures>紫外線指數</measures>
            </elementValue>
            <elementValue>
              <value>中量級</value>
              <measures>曝曬級數</measures>
            </elementValue>
          </time>
          <time>
            <startTime>2021-01-05T06:00:00+08:00</startTime>
            <endTime>2021-01-05T18:00:00+08:00</endTime>
            <elementValue>
              <value>4</value>
              <measures>紫外線指數</measures>
            </elementValue>
            <elementValue>
              <value>中量級</value>
              <measures>曝曬級數</measures>
            </elementValue>
          </time>
          <time>
            <startTime>2021-01-06T06:00:00+08:00</startTime>
            <endTime>2021-01-06T18:00:00+08:00</endTime>
            <elementValue>
              <value>4</value>
              <measures>紫外線指數</measures>
            </elementValue>
            <elementValue>
              <value>中量級</value>
              <measures>曝曬級數</measures>
            </elementValue>
          </time>
          <time>
            <startTime>2021-01-07T06:00:00+08:00</startTime>
            <endTime>2021-01-07T18:00:00+08:00</endTime>
            <elementValue>
              <value>3</value>
              <measures>紫外線指數</measures>
            </elementValue>
            <elementValue>
              <value>中量級</value>
              <measures>曝曬級數</measures>
            </elementValue>
          </time>
          <time>
            <startTime>2021-01-08T06:00:00+08:00</startTime>
            <endTime>2021-01-08T18:00:00+08:00</endTime>
            <elementValue>
              <value>3</value>
              <measures>紫外線指數</measures>
            </elementValue>
            <elementValue>
              <value>中量級</value>
              <measures>曝曬級數</measures>
            </elementValue>
          </time>
          <time>
            <startTime>2021-01-09T06:00:00+08:00</startTime>
            <endTime>2021-01-09T18:00:00+08:00</endTime>
            <elementValue>
              <value>4</value>
              <measures>紫外線指數</measures>
            </elementValue>
            <elementValue>
              <value>中量級</value>
              <measures>曝曬級數</measures>
            </elementValue>
          </time>
        </weatherElement>
        <weatherElement>
          <elementName>WeatherDescription</elementName>
          <description>天氣預報綜合描述</description>
          <time>
            <startTime>2021-01-03T12:00:00+08:00</startTime>
            <endTime>2021-01-04T00:00:00+08:00</endTime>
            <elementValue>
              <value>晴時多雲。降雨機率 0%。溫度攝氏16至23度。稍有寒意至舒適。偏北風 風速3級(每秒5公尺)。相對濕度68%。</value>
              <measures>NA</measures>
            </elementValue>
          </time>
          <time>
            <startTime>2021-01-04T00:00:00+08:00</startTime>
            <endTime>2021-01-05T00:00:00+08:00</endTime>
            <elementValue>
              <value>晴時多雲。降雨機率 0%。溫度攝氏15至26度。寒冷至舒適。偏北風 風速3級(每秒5公尺)。相對濕度76%。</value>
              <measures>NA</measures>
            </elementValue>
          </time>
          <time>
            <startTime>2021-01-05T00:00:00+08:00</startTime>
            <endTime>2021-01-06T00:00:00+08:00</endTime>
            <elementValue>
              <value>多雲。降雨機率 10%。溫度攝氏17至25度。稍有寒意至舒適。偏北風 風速4級(每秒6公尺)。相對濕度75%。</value>
              <measures>NA</measures>
            </elementValue>
          </time>
          <time>
            <startTime>2021-01-06T00:00:00+08:00</startTime>
            <endTime>2021-01-07T00:00:00+08:00</endTime>
            <elementValue>
              <value>多雲時陰。溫度攝氏15至23度。寒冷至舒適。偏北風 風速3級(每秒5公尺)。相對濕度71%。</value>
              <measures>NA</measures>
            </elementValue>
          </time>
          <time>
            <startTime>2021-01-07T00:00:00+08:00</startTime>
            <endTime>2021-01-08T00:00:00+08:00</endTime>
            <elementValue>
              <value>多雲時陰。溫度攝氏14至18度。寒冷至稍有寒意。偏北風 風速4級(每秒7公尺)。相對濕度73%。</value>
              <measures>NA</measures>
            </elementValue>
          </time>
          <time>
            <startTime>2021-01-08T00:00:00+08:00</startTime>
            <endTime>2021-01-09T00:00:00+08:00</endTime>
            <elementValue>
              <value>多雲。溫度攝氏11至14度。寒冷。偏北風 風速4級(每秒7公尺)。相對濕度63%。</value>
              <measures>NA</measures>
            </elementValue>
          </time>
          <time>
            <startTime>2021-01-09T00:00:00+08:00</startTime>
            <endTime>2021-01-10T00:00:00+08:00</endTime>
            <elementValue>
              <value>多雲。溫度攝氏10至18度。寒冷至稍有寒意。偏北風 風速3級(每秒4公尺)。相對濕度61%。</value>
              <measures>NA</measures>
            </elementValue>
          </time>
        </weatherElement>
      </location>
    </locations>
  </dataset>
</cwbopendata>
