<?xml version="1.0" encoding="utf-8"?>
<cwbopendata xmlns="urn:cwb:gov:tw:cwbcommon:0.1">
  <identifier>679e22c3-2cc5-4aea-bd2b-13b7966c46d8</identifier>
  <sender>weather@cwb.gov.tw</sender>
  <sent>2021-01-03T12:39:28+08:00</sent>
  <status>Actual</status>
  <scope>Public</scope>
  <msgType>Issue</msgType>
  <dataid>null</dataid>
  <source>MFC</source>
  <dataset>
    <datasetInfo>
      <datasetDescription>Seven Days Weather Forecast of 368 townships</datasetDescription>
      <datasetLanguage>EN</datasetLanguage>
      <issueTime>2021-01-03T11:00:00+08:00</issueTime>
      <validTime>
        <startTime>2021-01-03T12:00:00+08:00</startTime>
        <endTime>2021-01-11T11:00:00+08:00</endTime>
      </validTime>
      <update>2021-01-03T12:39:28+08:00</update>
    </datasetInfo>
    <locations>
      <locationsName>Chiayi City</locationsName>
      <location>
        <locationName>East District</locationName>
        <geocode>1002001</geocode>
        <lat>23.480384</lat>
        <lon>120.445361</lon>
        <weatherElement>
          <elementName>T</elementName>
          <description>average of temperature</description>
          <time>
            <startTime>2021-01-03T12:00:00+08:00</startTime>
            <endTime>2021-01-04T00:00:00+08:00</endTime>
            <elementValue>
              <value>20</value>
              <measures>C</measures>
            </elementValue>
          </time>
          <time>
            <startTime>2021-01-04T00:00:00+08:00</startTime>
            <endTime>2021-01-05T00:00:00+08:00</endTime>
            <elementValue>
              <value>19</value>
              <measures>C</measures>
            </elementValue>
          </time>
          <time>
            <startTime>2021-01-05T00:00:00+08:00</startTime>
            <endTime>2021-01-06T00:00:00+08:00</endTime>
            <elementValue>
              <value>19</value>
              <measures>C</measures>
            </elementValue>
          </time>
          <time>
            <startTime>2021-01-06T00:00:00+08:00</startTime>
            <endTime>2021-01-07T00:00:00+08:00</endTime>
            <elementValue>
              <value>18</value>
              <measures>C</measures>
            </elementValue>
          </time>
          <time>
            <startTime>2021-01-07T00:00:00+08:00</startTime>
            <endTime>2021-01-08T00:00:00+08:00</endTime>
            <elementValue>
              <value>17</value>
              <measures>C</measures>
            </elementValue>
          </time>
          <time>
            <startTime>2021-01-08T00:00:00+08:00</startTime>
            <endTime>2021-01-09T00:00:00+08:00</endTime>
            <elementValue>
              <value>12</value>
              <measures>C</measures>
            </elementValue>
          </time>
          <time>
            <startTime>2021-01-09T00:00:00+08:00</startTime>
            <endTime>2021-01-10T00:00:00+08:00</endTime>
            <elementValue>
              <value>13</value>
              <measures>C</measures>
            </elementValue>
          </time>
        </weatherElement>
        <weatherElement>
          <elementName>Td</elementName>
          <description>average of dew point temperature</description>
          <time>
            <startTime>2021-01-03T12:00:00+08:00</startTime>
            <endTime>2021-01-04T00:00:00+08:00</endTime>
            <elementValue>
              <value>12</value>
              <measures>C</measures>
            </elementValue>
          </time>
          <time>
            <startTime>2021-01-04T00:00:00+08:00</startTime>
            <endTime>2021-01-05T00:00:00+08:00</endTime>
            <elementValue>
              <value>13</value>
              <measures>C</measures>
            </elementValue>
          </time>
          <time>
            <startTime>2021-01-05T00:00:00+08:00</startTime>
            <endTime>2021-01-06T00:00:00+08:00</endTime>
            <elementValue>
              <value>14</value>
              <measures>C</measures>
            </elementValue>
          </time>
          <time>
            <startTime>2021-01-06T00:00:00+08:00</startTime>
            <endTime>2021-01-07T00:00:00+08:00</endTime>
            <elementValue>
              <value>12</value>
              <measures>C</measures>
            </elementValue>
          </time>
          <time>
            <startTime>2021-01-07T00:00:00+08:00</startTime>
            <endTime>2021-01-08T00:00:00+08:00</endTime>
            <elementValue>
              <value>12</value>
              <measures>C</measures>
            </elementValue>
          </time>
          <time>
            <startTime>2021-01-08T00:00:00+08:00</startTime>
            <endTime>2021-01-09T00:00:00+08:00</endTime>
            <elementValue>
              <value>6</value>
              <measures>C</measures>
            </elementValue>
          </time>
          <time>
            <startTime>2021-01-09T00:00:00+08:00</startTime>
            <endTime>2021-01-10T00:00:00+08:00</endTime>
            <elementValue>
              <value>6</value>
              <measures>C</measures>
            </elementValue>
          </time>
        </weatherElement>
        <weatherElement>
          <elementName>RH</elementName>
          <description>average of relative humidity</description>
          <time>
            <startTime>2021-01-03T12:00:00+08:00</startTime>
            <endTime>2021-01-04T00:00:00+08:00</endTime>
            <elementValue>
              <value>67</value>
              <measures>%</measures>
            </elementValue>
          </time>
          <time>
            <startTime>2021-01-04T00:00:00+08:00</startTime>
            <endTime>2021-01-05T00:00:00+08:00</endTime>
            <elementValue>
              <value>74</value>
              <measures>%</measures>
            </elementValue>
          </time>
          <time>
            <startTime>2021-01-05T00:00:00+08:00</startTime>
            <endTime>2021-01-06T00:00:00+08:00</endTime>
            <elementValue>
              <value>75</value>
              <measures>%</measures>
            </elementValue>
          </time>
          <time>
            <startTime>2021-01-06T00:00:00+08:00</startTime>
            <endTime>2021-01-07T00:00:00+08:00</endTime>
            <elementValue>
              <value>72</value>
              <measures>%</measures>
            </elementValue>
          </time>
          <time>
            <startTime>2021-01-07T00:00:00+08:00</startTime>
            <endTime>2021-01-08T00:00:00+08:00</endTime>
            <elementValue>
              <value>75</value>
              <measures>%</measures>
            </elementValue>
          </time>
          <time>
            <startTime>2021-01-08T00:00:00+08:00</startTime>
            <endTime>2021-01-09T00:00:00+08:00</endTime>
            <elementValue>
              <value>66</value>
              <measures>%</measures>
            </elementValue>
          </time>
          <time>
            <startTime>2021-01-09T00:00:00+08:00</startTime>
            <endTime>2021-01-10T00:00:00+08:00</endTime>
            <elementValue>
              <value>62</value>
              <measures>%</measures>
            </elementValue>
          </time>
        </weatherElement>
        <weatherElement>
          <elementName>MaxT</elementName>
          <description>maximum temperature</description>
          <time>
            <startTime>2021-01-03T12:00:00+08:00</startTime>
            <endTime>2021-01-04T00:00:00+08:00</endTime>
            <elementValue>
              <value>23</value>
              <measures>C</measures>
            </elementValue>
          </time>
          <time>
            <startTime>2021-01-04T00:00:00+08:00</startTime>
            <endTime>2021-01-05T00:00:00+08:00</endTime>
            <elementValue>
              <value>25</value>
              <measures>C</measures>
            </elementValue>
          </time>
          <time>
            <startTime>2021-01-05T00:00:00+08:00</startTime>
            <endTime>2021-01-06T00:00:00+08:00</endTime>
            <elementValue>
              <value>25</value>
              <measures>C</measures>
            </elementValue>
          </time>
          <time>
            <startTime>2021-01-06T00:00:00+08:00</startTime>
            <endTime>2021-01-07T00:00:00+08:00</endTime>
            <elementValue>
              <value>23</value>
              <measures>C</measures>
            </elementValue>
          </time>
          <time>
            <startTime>2021-01-07T00:00:00+08:00</startTime>
            <endTime>2021-01-08T00:00:00+08:00</endTime>
            <elementValue>
              <value>17</value>
              <measures>C</measures>
            </elementValue>
          </time>
          <time>
            <startTime>2021-01-08T00:00:00+08:00</startTime>
            <endTime>2021-01-09T00:00:00+08:00</endTime>
            <elementValue>
              <value>14</value>
              <measures>C</measures>
            </elementValue>
          </time>
          <time>
            <startTime>2021-01-09T00:00:00+08:00</startTime>
            <endTime>2021-01-10T00:00:00+08:00</endTime>
            <elementValue>
              <value>18</value>
              <measures>C</measures>
            </elementValue>
          </time>
        </weatherElement>
        <weatherElement>
          <elementName>MinT</elementName>
          <description>minimum temperature</description>
          <time>
            <startTime>2021-01-03T12:00:00+08:00</startTime>
            <endTime>2021-01-04T00:00:00+08:00</endTime>
            <elementValue>
              <value>16</value>
              <measures>C</measures>
            </elementValue>
          </time>
          <time>
            <startTime>2021-01-04T00:00:00+08:00</startTime>
            <endTime>2021-01-05T00:00:00+08:00</endTime>
            <elementValue>
              <value>14</value>
              <measures>C</measures>
            </elementValue>
          </time>
          <time>
            <startTime>2021-01-05T00:00:00+08:00</startTime>
            <endTime>2021-01-06T00:00:00+08:00</endTime>
            <elementValue>
              <value>16</value>
              <measures>C</measures>
            </elementValue>
          </time>
          <time>
            <startTime>2021-01-06T00:00:00+08:00</startTime>
            <endTime>2021-01-07T00:00:00+08:00</endTime>
            <elementValue>
              <value>15</value>
              <measures>C</measures>
            </elementValue>
          </time>
          <time>
            <startTime>2021-01-07T00:00:00+08:00</startTime>
            <endTime>2021-01-08T00:00:00+08:00</endTime>
            <elementValue>
              <value>14</value>
              <measures>C</measures>
            </elementValue>
          </time>
          <time>
            <startTime>2021-01-08T00:00:00+08:00</startTime>
            <endTime>2021-01-09T00:00:00+08:00</endTime>
            <elementValue>
              <value>10</value>
              <measures>C</measures>
            </elementValue>
          </time>
          <time>
            <startTime>2021-01-09T00:00:00+08:00</startTime>
            <endTime>2021-01-10T00:00:00+08:00</endTime>
            <elementValue>
              <value>10</value>
              <measures>C</measures>
            </elementValue>
          </time>
        </weatherElement>
        <weatherElement>
          <elementName>MaxAT</elementName>
          <description>maximum athletic temperature</description>
          <time>
            <startTime>2021-01-03T12:00:00+08:00</startTime>
            <endTime>2021-01-04T00:00:00+08:00</endTime>
            <elementValue>
              <value>22</value>
              <measures>C</measures>
            </elementValue>
          </time>
          <time>
            <startTime>2021-01-04T00:00:00+08:00</startTime>
            <endTime>2021-01-05T00:00:00+08:00</endTime>
            <elementValue>
              <value>25</value>
              <measures>C</measures>
            </elementValue>
          </time>
          <time>
            <startTime>2021-01-05T00:00:00+08:00</startTime>
            <endTime>2021-01-06T00:00:00+08:00</endTime>
            <elementValue>
              <value>24</value>
              <measures>C</measures>
            </elementValue>
          </time>
          <time>
            <startTime>2021-01-06T00:00:00+08:00</startTime>
            <endTime>2021-01-07T00:00:00+08:00</endTime>
            <elementValue>
              <value>22</value>
              <measures>C</measures>
            </elementValue>
          </time>
          <time>
            <startTime>2021-01-07T00:00:00+08:00</startTime>
            <endTime>2021-01-08T00:00:00+08:00</endTime>
            <elementValue>
              <value>17</value>
              <measures>C</measures>
            </elementValue>
          </time>
          <time>
            <startTime>2021-01-08T00:00:00+08:00</startTime>
            <endTime>2021-01-09T00:00:00+08:00</endTime>
            <elementValue>
              <value>11</value>
              <measures>C</measures>
            </elementValue>
          </time>
          <time>
            <startTime>2021-01-09T00:00:00+08:00</startTime>
            <endTime>2021-01-10T00:00:00+08:00</endTime>
            <elementValue>
              <value>16</value>
              <measures>C</measures>
            </elementValue>
          </time>
        </weatherElement>
        <weatherElement>
          <elementName>MinAT</elementName>
          <description>minimum athletic temperature</description>
          <time>
            <startTime>2021-01-03T12:00:00+08:00</startTime>
            <endTime>2021-01-04T00:00:00+08:00</endTime>
            <elementValue>
              <value>15</value>
              <measures>C</measures>
            </elementValue>
          </time>
          <time>
            <startTime>2021-01-04T00:00:00+08:00</startTime>
            <endTime>2021-01-05T00:00:00+08:00</endTime>
            <elementValue>
              <value>12</value>
              <measures>C</measures>
            </elementValue>
          </time>
          <time>
            <startTime>2021-01-05T00:00:00+08:00</startTime>
            <endTime>2021-01-06T00:00:00+08:00</endTime>
            <elementValue>
              <value>14</value>
              <measures>C</measures>
            </elementValue>
          </time>
          <time>
            <startTime>2021-01-06T00:00:00+08:00</startTime>
            <endTime>2021-01-07T00:00:00+08:00</endTime>
            <elementValue>
              <value>14</value>
              <measures>C</measures>
            </elementValue>
          </time>
          <time>
            <startTime>2021-01-07T00:00:00+08:00</startTime>
            <endTime>2021-01-08T00:00:00+08:00</endTime>
            <elementValue>
              <value>10</value>
              <measures>C</measures>
            </elementValue>
          </time>
          <time>
            <startTime>2021-01-08T00:00:00+08:00</startTime>
            <endTime>2021-01-09T00:00:00+08:00</endTime>
            <elementValue>
              <value>7</value>
              <measures>C</measures>
            </elementValue>
          </time>
          <time>
            <startTime>2021-01-09T00:00:00+08:00</startTime>
            <endTime>2021-01-10T00:00:00+08:00</endTime>
            <elementValue>
              <value>7</value>
              <measures>C</measures>
            </elementValue>
          </time>
        </weatherElement>
        <weatherElement>
          <elementName>MaxCI</elementName>
          <description>maximum comfort index</description>
          <time>
            <startTime>2021-01-03T12:00:00+08:00</startTime>
            <endTime>2021-01-04T00:00:00+08:00</endTime>
            <elementValue>
              <value>20</value>
              <measures>NA</measures>
            </elementValue>
          </time>
          <time>
            <startTime>2021-01-04T00:00:00+08:00</startTime>
            <endTime>2021-01-05T00:00:00+08:00</endTime>
            <elementValue>
              <value>22</value>
              <measures>NA</measures>
            </elementValue>
          </time>
          <time>
            <startTime>2021-01-05T00:00:00+08:00</startTime>
            <endTime>2021-01-06T00:00:00+08:00</endTime>
            <elementValue>
              <value>22</value>
              <measures>NA</measures>
            </elementValue>
          </time>
          <time>
            <startTime>2021-01-06T00:00:00+08:00</startTime>
            <endTime>2021-01-07T00:00:00+08:00</endTime>
            <elementValue>
              <value>20</value>
              <measures>NA</measures>
            </elementValue>
          </time>
          <time>
            <startTime>2021-01-07T00:00:00+08:00</startTime>
            <endTime>2021-01-08T00:00:00+08:00</endTime>
            <elementValue>
              <value>17</value>
              <measures>NA</measures>
            </elementValue>
          </time>
          <time>
            <startTime>2021-01-08T00:00:00+08:00</startTime>
            <endTime>2021-01-09T00:00:00+08:00</endTime>
            <elementValue>
              <value>14</value>
              <measures>NA</measures>
            </elementValue>
          </time>
          <time>
            <startTime>2021-01-09T00:00:00+08:00</startTime>
            <endTime>2021-01-10T00:00:00+08:00</endTime>
            <elementValue>
              <value>17</value>
              <measures>NA</measures>
            </elementValue>
          </time>
        </weatherElement>
        <weatherElement>
          <elementName>MinCI</elementName>
          <description>minimum comfort index</description>
          <time>
            <startTime>2021-01-03T12:00:00+08:00</startTime>
            <endTime>2021-01-04T00:00:00+08:00</endTime>
            <elementValue>
              <value>16</value>
              <measures>NA</measures>
            </elementValue>
          </time>
          <time>
            <startTime>2021-01-04T00:00:00+08:00</startTime>
            <endTime>2021-01-05T00:00:00+08:00</endTime>
            <elementValue>
              <value>14</value>
              <measures>NA</measures>
            </elementValue>
          </time>
          <time>
            <startTime>2021-01-05T00:00:00+08:00</startTime>
            <endTime>2021-01-06T00:00:00+08:00</endTime>
            <elementValue>
              <value>16</value>
              <measures>NA</measures>
            </elementValue>
          </time>
          <time>
            <startTime>2021-01-06T00:00:00+08:00</startTime>
            <endTime>2021-01-07T00:00:00+08:00</endTime>
            <elementValue>
              <value>15</value>
              <measures>NA</measures>
            </elementValue>
          </time>
          <time>
            <startTime>2021-01-07T00:00:00+08:00</startTime>
            <endTime>2021-01-08T00:00:00+08:00</endTime>
            <elementValue>
              <value>14</value>
              <measures>NA</measures>
            </elementValue>
          </time>
          <time>
            <startTime>2021-01-08T00:00:00+08:00</startTime>
            <endTime>2021-01-09T00:00:00+08:00</endTime>
            <elementValue>
              <value>11</value>
              <measures>NA</measures>
            </elementValue>
          </time>
          <time>
            <startTime>2021-01-09T00:00:00+08:00</startTime>
            <endTime>2021-01-10T00:00:00+08:00</endTime>
            <elementValue>
              <value>10</value>
              <measures>NA</measures>
            </elementValue>
          </time>
        </weatherElement>
        <weatherElement>
          <elementName>PoP24h</elementName>
          <description>24 hours probability of precipitation</description>
          <time>
            <startTime>2021-01-03T12:00:00+08:00</startTime>
            <endTime>2021-01-04T00:00:00+08:00</endTime>
            <elementValue>
              <value>0</value>
              <measures>%</measures>
            </elementValue>
          </time>
          <time>
            <startTime>2021-01-04T00:00:00+08:00</startTime>
            <endTime>2021-01-05T00:00:00+08:00</endTime>
            <elementValue>
              <value>0</value>
              <measures>%</measures>
            </elementValue>
          </time>
          <time>
            <startTime>2021-01-05T00:00:00+08:00</startTime>
            <endTime>2021-01-06T00:00:00+08:00</endTime>
            <elementValue>
              <value>10</value>
              <measures>%</measures>
            </elementValue>
          </time>
          <time>
            <startTime>2021-01-06T00:00:00+08:00</startTime>
            <endTime>2021-01-07T00:00:00+08:00</endTime>
            <elementValue>
              <value> </value>
              <measures>%</measures>
            </elementValue>
          </time>
          <time>
            <startTime>2021-01-07T00:00:00+08:00</startTime>
            <endTime>2021-01-08T00:00:00+08:00</endTime>
            <elementValue>
              <value> </value>
              <measures>%</measures>
            </elementValue>
          </time>
          <time>
            <startTime>2021-01-08T00:00:00+08:00</startTime>
            <endTime>2021-01-09T00:00:00+08:00</endTime>
            <elementValue>
              <value> </value>
              <measures>%</measures>
            </elementValue>
          </time>
          <time>
            <startTime>2021-01-09T00:00:00+08:00</startTime>
            <endTime>2021-01-10T00:00:00+08:00</endTime>
            <elementValue>
              <value> </value>
              <measures>%</measures>
            </elementValue>
          </time>
        </weatherElement>
        <weatherElement>
          <elementName>WD</elementName>
          <description>wind direction</description>
          <time>
            <startTime>2021-01-03T12:00:00+08:00</startTime>
            <endTime>2021-01-04T00:00:00+08:00</endTime>
            <elementValue>
              <value>N</value>
              <measures>8 directions</measures>
            </elementValue>
          </time>
          <time>
            <startTime>2021-01-04T00:00:00+08:00</startTime>
            <endTime>2021-01-05T00:00:00+08:00</endTime>
            <elementValue>
              <value>N</value>
              <measures>8 directions</measures>
            </elementValue>
          </time>
          <time>
            <startTime>2021-01-05T00:00:00+08:00</startTime>
            <endTime>2021-01-06T00:00:00+08:00</endTime>
            <elementValue>
              <value>N</value>
              <measures>8 directions</measures>
            </elementValue>
          </time>
          <time>
            <startTime>2021-01-06T00:00:00+08:00</startTime>
            <endTime>2021-01-07T00:00:00+08:00</endTime>
            <elementValue>
              <value>N</value>
              <measures>8 directions</measures>
            </elementValue>
          </time>
          <time>
            <startTime>2021-01-07T00:00:00+08:00</startTime>
            <endTime>2021-01-08T00:00:00+08:00</endTime>
            <elementValue>
              <value>N</value>
              <measures>8 directions</measures>
            </elementValue>
          </time>
          <time>
            <startTime>2021-01-08T00:00:00+08:00</startTime>
            <endTime>2021-01-09T00:00:00+08:00</endTime>
            <elementValue>
              <value>N</value>
              <measures>8 directions</measures>
            </elementValue>
          </time>
          <time>
            <startTime>2021-01-09T00:00:00+08:00</startTime>
            <endTime>2021-01-10T00:00:00+08:00</endTime>
            <elementValue>
              <value>N</value>
              <measures>8 directions</measures>
            </elementValue>
          </time>
        </weatherElement>
        <weatherElement>
          <elementName>WS</elementName>
          <description>maximum of wind speed</description>
          <time>
            <startTime>2021-01-03T12:00:00+08:00</startTime>
            <endTime>2021-01-04T00:00:00+08:00</endTime>
            <elementValue>
              <value>5</value>
              <measures>m/s</measures>
            </elementValue>
            <elementValue>
              <value>3</value>
              <measures>Beaufort</measures>
            </elementValue>
          </time>
          <time>
            <startTime>2021-01-04T00:00:00+08:00</startTime>
            <endTime>2021-01-05T00:00:00+08:00</endTime>
            <elementValue>
              <value>4</value>
              <measures>m/s</measures>
            </elementValue>
            <elementValue>
              <value>3</value>
              <measures>Beaufort</measures>
            </elementValue>
          </time>
          <time>
            <startTime>2021-01-05T00:00:00+08:00</startTime>
            <endTime>2021-01-06T00:00:00+08:00</endTime>
            <elementValue>
              <value>5</value>
              <measures>m/s</measures>
            </elementValue>
            <elementValue>
              <value>3</value>
              <measures>Beaufort</measures>
            </elementValue>
          </time>
          <time>
            <startTime>2021-01-06T00:00:00+08:00</startTime>
            <endTime>2021-01-07T00:00:00+08:00</endTime>
            <elementValue>
              <value>4</value>
              <measures>m/s</measures>
            </elementValue>
            <elementValue>
              <value>3</value>
              <measures>Beaufort</measures>
            </elementValue>
          </time>
          <time>
            <startTime>2021-01-07T00:00:00+08:00</startTime>
            <endTime>2021-01-08T00:00:00+08:00</endTime>
            <elementValue>
              <value>6</value>
              <measures>m/s</measures>
            </elementValue>
            <elementValue>
              <value>4</value>
              <measures>Beaufort</measures>
            </elementValue>
          </time>
          <time>
            <startTime>2021-01-08T00:00:00+08:00</startTime>
            <endTime>2021-01-09T00:00:00+08:00</endTime>
            <elementValue>
              <value>7</value>
              <measures>m/s</measures>
            </elementValue>
            <elementValue>
              <value>4</value>
              <measures>Beaufort</measures>
            </elementValue>
          </time>
          <time>
            <startTime>2021-01-09T00:00:00+08:00</startTime>
            <endTime>2021-01-10T00:00:00+08:00</endTime>
            <elementValue>
              <value>4</value>
              <measures>m/s</measures>
            </elementValue>
            <elementValue>
              <value>3</value>
              <measures>Beaufort</measures>
            </elementValue>
          </time>
        </weatherElement>
        <weatherElement>
          <elementName>Wx</elementName>
          <description>weather</description>
          <time>
            <startTime>2021-01-03T12:00:00+08:00</startTime>
            <endTime>2021-01-04T00:00:00+08:00</endTime>
            <elementValue>
              <value>Mostly clear</value>
              <measures>define Wx text by self</measures>
            </elementValue>
            <elementValue>
              <value>02</value>
              <measures>define Wx unit by self</measures>
            </elementValue>
          </time>
          <time>
            <startTime>2021-01-04T00:00:00+08:00</startTime>
            <endTime>2021-01-05T00:00:00+08:00</endTime>
            <elementValue>
              <value>Mostly clear</value>
              <measures>define Wx text by self</measures>
            </elementValue>
            <elementValue>
              <value>02</value>
              <measures>define Wx unit by self</measures>
            </elementValue>
          </time>
          <time>
            <startTime>2021-01-05T00:00:00+08:00</startTime>
            <endTime>2021-01-06T00:00:00+08:00</endTime>
            <elementValue>
              <value>Partly cloudy</value>
              <measures>define Wx text by self</measures>
            </elementValue>
            <elementValue>
              <value>04</value>
              <measures>define Wx unit by self</measures>
            </elementValue>
          </time>
          <time>
            <startTime>2021-01-06T00:00:00+08:00</startTime>
            <endTime>2021-01-07T00:00:00+08:00</endTime>
            <elementValue>
              <value>Mostly cloudy</value>
              <measures>define Wx text by self</measures>
            </elementValue>
            <elementValue>
              <value>05</value>
              <measures>define Wx unit by self</measures>
            </elementValue>
          </time>
          <time>
            <startTime>2021-01-07T00:00:00+08:00</startTime>
            <endTime>2021-01-08T00:00:00+08:00</endTime>
            <elementValue>
              <value>Mostly cloudy</value>
              <measures>define Wx text by self</measures>
            </elementValue>
            <elementValue>
              <value>05</value>
              <measures>define Wx unit by self</measures>
            </elementValue>
          </time>
          <time>
            <startTime>2021-01-08T00:00:00+08:00</startTime>
            <endTime>2021-01-09T00:00:00+08:00</endTime>
            <elementValue>
              <value>Partly cloudy</value>
              <measures>define Wx text by self</measures>
            </elementValue>
            <elementValue>
              <value>04</value>
              <measures>define Wx unit by self</measures>
            </elementValue>
          </time>
          <time>
            <startTime>2021-01-09T00:00:00+08:00</startTime>
            <endTime>2021-01-10T00:00:00+08:00</endTime>
            <elementValue>
              <value>Partly cloudy</value>
              <measures>define Wx text by self</measures>
            </elementValue>
            <elementValue>
              <value>04</value>
              <measures>define Wx unit by self</measures>
            </elementValue>
          </time>
        </weatherElement>
        <weatherElement>
          <elementName>UVI</elementName>
          <description>Ultraviolet index</description>
          <time>
            <startTime>2021-01-03T06:00:00+08:00</startTime>
            <endTime>2021-01-03T18:00:00+08:00</endTime>
            <elementValue>
              <value>5</value>
              <measures>UV Index</measures>
            </elementValue>
            <elementValue>
              <value>Moderate</value>
              <measures>Exposure Level</measures>
            </elementValue>
          </time>
          <time>
            <startTime>2021-01-04T06:00:00+08:00</startTime>
            <endTime>2021-01-04T18:00:00+08:00</endTime>
            <elementValue>
              <value>5</value>
              <measures>UV Index</measures>
            </elementValue>
            <elementValue>
              <value>Moderate</value>
              <measures>Exposure Level</measures>
            </elementValue>
          </time>
          <time>
            <startTime>2021-01-05T06:00:00+08:00</startTime>
            <endTime>2021-01-05T18:00:00+08:00</endTime>
            <elementValue>
              <value>5</value>
              <measures>UV Index</measures>
            </elementValue>
            <elementValue>
              <value>Moderate</value>
              <measures>Exposure Level</measures>
            </elementValue>
          </time>
          <time>
            <startTime>2021-01-06T06:00:00+08:00</startTime>
            <endTime>2021-01-06T18:00:00+08:00</endTime>
            <elementValue>
              <value>4</value>
              <measures>UV Index</measures>
            </elementValue>
            <elementValue>
              <value>Moderate</value>
              <measures>Exposure Level</measures>
            </elementValue>
          </time>
          <time>
            <startTime>2021-01-07T06:00:00+08:00</startTime>
            <endTime>2021-01-07T18:00:00+08:00</endTime>
            <elementValue>
              <value>3</value>
              <measures>UV Index</measures>
            </elementValue>
            <elementValue>
              <value>Moderate</value>
              <measures>Exposure Level</measures>
            </elementValue>
          </time>
          <time>
            <startTime>2021-01-08T06:00:00+08:00</startTime>
            <endTime>2021-01-08T18:00:00+08:00</endTime>
            <elementValue>
              <value>3</value>
              <measures>UV Index</measures>
            </elementValue>
            <elementValue>
              <value>Moderate</value>
              <measures>Exposure Level</measures>
            </elementValue>
          </time>
          <time>
            <startTime>2021-01-09T06:00:00+08:00</startTime>
            <endTime>2021-01-09T18:00:00+08:00</endTime>
            <elementValue>
              <value>4</value>
              <measures>UV Index</measures>
            </elementValue>
            <elementValue>
              <value>Moderate</value>
              <measures>Exposure Level</measures>
            </elementValue>
          </time>
        </weatherElement>
        <weatherElement>
          <elementName>WeatherDescription</elementName>
          <description>weather description</description>
          <time>
            <startTime>2021-01-03T12:00:00+08:00</startTime>
            <endTime>2021-01-04T00:00:00+08:00</endTime>
            <elementValue>
              <value>Mostly clear. Temperature between 16 and 23 centigrade. Cool~Comfortable. N wind 5m/s. Chance of precipitation 0%.</value>
              <measures>NA</measures>
            </elementValue>
          </time>
          <time>
            <startTime>2021-01-04T00:00:00+08:00</startTime>
            <endTime>2021-01-05T00:00:00+08:00</endTime>
            <elementValue>
              <value>Mostly clear. Temperature between 14 and 25 centigrade. Cold~Comfortable. N wind 4m/s. Chance of precipitation 0%.</value>
              <measures>NA</measures>
            </elementValue>
          </time>
          <time>
            <startTime>2021-01-05T00:00:00+08:00</startTime>
            <endTime>2021-01-06T00:00:00+08:00</endTime>
            <elementValue>
              <value>Partly cloudy. Temperature between 16 and 25 centigrade. Cool~Comfortable. N wind 5m/s. Chance of precipitation 10%.</value>
              <measures>NA</measures>
            </elementValue>
          </time>
          <time>
            <startTime>2021-01-06T00:00:00+08:00</startTime>
            <endTime>2021-01-07T00:00:00+08:00</endTime>
            <elementValue>
              <value>Mostly cloudy. Temperature between 15 and 23 centigrade. Cold~Comfortable. N wind 4m/s. </value>
              <measures>NA</measures>
            </elementValue>
          </time>
          <time>
            <startTime>2021-01-07T00:00:00+08:00</startTime>
            <endTime>2021-01-08T00:00:00+08:00</endTime>
            <elementValue>
              <value>Mostly cloudy. Temperature between 14 and 17 centigrade. Cold~Cool. N wind 6m/s. </value>
              <measures>NA</measures>
            </elementValue>
          </time>
          <time>
            <startTime>2021-01-08T00:00:00+08:00</startTime>
            <endTime>2021-01-09T00:00:00+08:00</endTime>
            <elementValue>
              <value>Partly cloudy. Temperature between 10 and 14 centigrade. Cold. N wind 7m/s. </value>
              <measures>NA</measures>
            </elementValue>
          </time>
          <time>
            <startTime>2021-01-09T00:00:00+08:00</startTime>
            <endTime>2021-01-10T00:00:00+08:00</endTime>
            <elementValue>
              <value>Partly cloudy. Temperature between 10 and 18 centigrade. Extremely cold~Cool. N wind 4m/s. </value>
              <measures>NA</measures>
            </elementValue>
          </time>
        </weatherElement>
      </location>
      <location>
        <locationName>West District</locationName>
        <geocode>1002002</geocode>
        <lat>23.466267</lat>
        <lon>120.427285</lon>
        <weatherElement>
          <elementName>T</elementName>
          <description>average of temperature</description>
          <time>
            <startTime>2021-01-03T12:00:00+08:00</startTime>
            <endTime>2021-01-04T00:00:00+08:00</endTime>
            <elementValue>
              <value>20</value>
              <measures>C</measures>
            </elementValue>
          </time>
          <time>
            <startTime>2021-01-04T00:00:00+08:00</startTime>
            <endTime>2021-01-05T00:00:00+08:00</endTime>
            <elementValue>
              <value>19</value>
              <measures>C</measures>
            </elementValue>
          </time>
          <time>
            <startTime>2021-01-05T00:00:00+08:00</startTime>
            <endTime>2021-01-06T00:00:00+08:00</endTime>
            <elementValue>
              <value>20</value>
              <measures>C</measures>
            </elementValue>
          </time>
          <time>
            <startTime>2021-01-06T00:00:00+08:00</startTime>
            <endTime>2021-01-07T00:00:00+08:00</endTime>
            <elementValue>
              <value>18</value>
              <measures>C</measures>
            </elementValue>
          </time>
          <time>
            <startTime>2021-01-07T00:00:00+08:00</startTime>
            <endTime>2021-01-08T00:00:00+08:00</endTime>
            <elementValue>
              <value>17</value>
              <measures>C</measures>
            </elementValue>
          </time>
          <time>
            <startTime>2021-01-08T00:00:00+08:00</startTime>
            <endTime>2021-01-09T00:00:00+08:00</endTime>
            <elementValue>
              <value>13</value>
              <measures>C</measures>
            </elementValue>
          </time>
          <time>
            <startTime>2021-01-09T00:00:00+08:00</startTime>
            <endTime>2021-01-10T00:00:00+08:00</endTime>
            <elementValue>
              <value>14</value>
              <measures>C</measures>
            </elementValue>
          </time>
        </weatherElement>
        <weatherElement>
          <elementName>Td</elementName>
          <description>average of dew point temperature</description>
          <time>
            <startTime>2021-01-03T12:00:00+08:00</startTime>
            <endTime>2021-01-04T00:00:00+08:00</endTime>
            <elementValue>
              <value>13</value>
              <measures>C</measures>
            </elementValue>
          </time>
          <time>
            <startTime>2021-01-04T00:00:00+08:00</startTime>
            <endTime>2021-01-05T00:00:00+08:00</endTime>
            <elementValue>
              <value>14</value>
              <measures>C</measures>
            </elementValue>
          </time>
          <time>
            <startTime>2021-01-05T00:00:00+08:00</startTime>
            <endTime>2021-01-06T00:00:00+08:00</endTime>
            <elementValue>
              <value>15</value>
              <measures>C</measures>
            </elementValue>
          </time>
          <time>
            <startTime>2021-01-06T00:00:00+08:00</startTime>
            <endTime>2021-01-07T00:00:00+08:00</endTime>
            <elementValue>
              <value>12</value>
              <measures>C</measures>
            </elementValue>
          </time>
          <time>
            <startTime>2021-01-07T00:00:00+08:00</startTime>
            <endTime>2021-01-08T00:00:00+08:00</endTime>
            <elementValue>
              <value>12</value>
              <measures>C</measures>
            </elementValue>
          </time>
          <time>
            <startTime>2021-01-08T00:00:00+08:00</startTime>
            <endTime>2021-01-09T00:00:00+08:00</endTime>
            <elementValue>
              <value>6</value>
              <measures>C</measures>
            </elementValue>
          </time>
          <time>
            <startTime>2021-01-09T00:00:00+08:00</startTime>
            <endTime>2021-01-10T00:00:00+08:00</endTime>
            <elementValue>
              <value>6</value>
              <measures>C</measures>
            </elementValue>
          </time>
        </weatherElement>
        <weatherElement>
          <elementName>RH</elementName>
          <description>average of relative humidity</description>
          <time>
            <startTime>2021-01-03T12:00:00+08:00</startTime>
            <endTime>2021-01-04T00:00:00+08:00</endTime>
            <elementValue>
              <value>68</value>
              <measures>%</measures>
            </elementValue>
          </time>
          <time>
            <startTime>2021-01-04T00:00:00+08:00</startTime>
            <endTime>2021-01-05T00:00:00+08:00</endTime>
            <elementValue>
              <value>76</value>
              <measures>%</measures>
            </elementValue>
          </time>
          <time>
            <startTime>2021-01-05T00:00:00+08:00</startTime>
            <endTime>2021-01-06T00:00:00+08:00</endTime>
            <elementValue>
              <value>75</value>
              <measures>%</measures>
            </elementValue>
          </time>
          <time>
            <startTime>2021-01-06T00:00:00+08:00</startTime>
            <endTime>2021-01-07T00:00:00+08:00</endTime>
            <elementValue>
              <value>71</value>
              <measures>%</measures>
            </elementValue>
          </time>
          <time>
            <startTime>2021-01-07T00:00:00+08:00</startTime>
            <endTime>2021-01-08T00:00:00+08:00</endTime>
            <elementValue>
              <value>73</value>
              <measures>%</measures>
            </elementValue>
          </time>
          <time>
            <startTime>2021-01-08T00:00:00+08:00</startTime>
            <endTime>2021-01-09T00:00:00+08:00</endTime>
            <elementValue>
              <value>63</value>
              <measures>%</measures>
            </elementValue>
          </time>
          <time>
            <startTime>2021-01-09T00:00:00+08:00</startTime>
            <endTime>2021-01-10T00:00:00+08:00</endTime>
            <elementValue>
              <value>61</value>
              <measures>%</measures>
            </elementValue>
          </time>
        </weatherElement>
        <weatherElement>
          <elementName>MaxT</elementName>
          <description>maximum temperature</description>
          <time>
            <startTime>2021-01-03T12:00:00+08:00</startTime>
            <endTime>2021-01-04T00:00:00+08:00</endTime>
            <elementValue>
              <value>23</value>
              <measures>C</measures>
            </elementValue>
          </time>
          <time>
            <startTime>2021-01-04T00:00:00+08:00</startTime>
            <endTime>2021-01-05T00:00:00+08:00</endTime>
            <elementValue>
              <value>26</value>
              <measures>C</measures>
            </elementValue>
          </time>
          <time>
            <startTime>2021-01-05T00:00:00+08:00</startTime>
            <endTime>2021-01-06T00:00:00+08:00</endTime>
            <elementValue>
              <value>25</value>
              <measures>C</measures>
            </elementValue>
          </time>
          <time>
            <startTime>2021-01-06T00:00:00+08:00</startTime>
            <endTime>2021-01-07T00:00:00+08:00</endTime>
            <elementValue>
              <value>23</value>
              <measures>C</measures>
            </elementValue>
          </time>
          <time>
            <startTime>2021-01-07T00:00:00+08:00</startTime>
            <endTime>2021-01-08T00:00:00+08:00</endTime>
            <elementValue>
              <value>18</value>
              <measures>C</measures>
            </elementValue>
          </time>
          <time>
            <startTime>2021-01-08T00:00:00+08:00</startTime>
            <endTime>2021-01-09T00:00:00+08:00</endTime>
            <elementValue>
              <value>14</value>
              <measures>C</measures>
            </elementValue>
          </time>
          <time>
            <startTime>2021-01-09T00:00:00+08:00</startTime>
            <endTime>2021-01-10T00:00:00+08:00</endTime>
            <elementValue>
              <value>18</value>
              <measures>C</measures>
            </elementValue>
          </time>
        </weatherElement>
        <weatherElement>
          <elementName>MinT</elementName>
          <description>minimum temperature</description>
          <time>
            <startTime>2021-01-03T12:00:00+08:00</startTime>
            <endTime>2021-01-04T00:00:00+08:00</endTime>
            <elementValue>
              <value>16</value>
              <measures>C</measures>
            </elementValue>
          </time>
          <time>
            <startTime>2021-01-04T00:00:00+08:00</startTime>
            <endTime>2021-01-05T00:00:00+08:00</endTime>
            <elementValue>
              <value>15</value>
              <measures>C</measures>
            </elementValue>
          </time>
          <time>
            <startTime>2021-01-05T00:00:00+08:00</startTime>
            <endTime>2021-01-06T00:00:00+08:00</endTime>
            <elementValue>
              <value>17</value>
              <measures>C</measures>
            </elementValue>
          </time>
          <time>
            <startTime>2021-01-06T00:00:00+08:00</startTime>
            <endTime>2021-01-07T00:00:00+08:00</endTime>
            <elementValue>
              <value>15</value>
              <measures>C</measures>
            </elementValue>
          </time>
          <time>
            <startTime>2021-01-07T00:00:00+08:00</startTime>
            <endTime>2021-01-08T00:00:00+08:00</endTime>
            <elementValue>
              <value>14</value>
              <measures>C</measures>
            </elementValue>
          </time>
          <time>
            <startTime>2021-01-08T00:00:00+08:00</startTime>
            <endTime>2021-01-09T00:00:00+08:00</endTime>
            <elementValue>
              <value>11</value>
              <measures>C</measures>
            </elementValue>
          </time>
          <time>
            <startTime>2021-01-09T00:00:00+08:00</startTime>
            <endTime>2021-01-10T00:00:00+08:00</endTime>
            <elementValue>
              <value>10</value>
              <measures>C</measures>
            </elementValue>
          </time>
        </weatherElement>
        <weatherElement>
          <elementName>MaxAT</elementName>
          <description>maximum athletic temperature</description>
          <time>
            <startTime>2021-01-03T12:00:00+08:00</startTime>
            <endTime>2021-01-04T00:00:00+08:00</endTime>
            <elementValue>
              <value>22</value>
              <measures>C</measures>
            </elementValue>
          </time>
          <time>
            <startTime>2021-01-04T00:00:00+08:00</startTime>
            <endTime>2021-01-05T00:00:00+08:00</endTime>
            <elementValue>
              <value>25</value>
              <measures>C</measures>
            </elementValue>
          </time>
          <time>
            <startTime>2021-01-05T00:00:00+08:00</startTime>
            <endTime>2021-01-06T00:00:00+08:00</endTime>
            <elementValue>
              <value>24</value>
              <measures>C</measures>
            </elementValue>
          </time>
          <time>
            <startTime>2021-01-06T00:00:00+08:00</startTime>
            <endTime>2021-01-07T00:00:00+08:00</endTime>
            <elementValue>
              <value>21</value>
              <measures>C</measures>
            </elementValue>
          </time>
          <time>
            <startTime>2021-01-07T00:00:00+08:00</startTime>
            <endTime>2021-01-08T00:00:00+08:00</endTime>
            <elementValue>
              <value>17</value>
              <measures>C</measures>
            </elementValue>
          </time>
          <time>
            <startTime>2021-01-08T00:00:00+08:00</startTime>
            <endTime>2021-01-09T00:00:00+08:00</endTime>
            <elementValue>
              <value>11</value>
              <measures>C</measures>
            </elementValue>
          </time>
          <time>
            <startTime>2021-01-09T00:00:00+08:00</startTime>
            <endTime>2021-01-10T00:00:00+08:00</endTime>
            <elementValue>
              <value>16</value>
              <measures>C</measures>
            </elementValue>
          </time>
        </weatherElement>
        <weatherElement>
          <elementName>MinAT</elementName>
          <description>minimum athletic temperature</description>
          <time>
            <startTime>2021-01-03T12:00:00+08:00</startTime>
            <endTime>2021-01-04T00:00:00+08:00</endTime>
            <elementValue>
              <value>15</value>
              <measures>C</measures>
            </elementValue>
          </time>
          <time>
            <startTime>2021-01-04T00:00:00+08:00</startTime>
            <endTime>2021-01-05T00:00:00+08:00</endTime>
            <elementValue>
              <value>12</value>
              <measures>C</measures>
            </elementValue>
          </time>
          <time>
            <startTime>2021-01-05T00:00:00+08:00</startTime>
            <endTime>2021-01-06T00:00:00+08:00</endTime>
            <elementValue>
              <value>14</value>
              <measures>C</measures>
            </elementValue>
          </time>
          <time>
            <startTime>2021-01-06T00:00:00+08:00</startTime>
            <endTime>2021-01-07T00:00:00+08:00</endTime>
            <elementValue>
              <value>14</value>
              <measures>C</measures>
            </elementValue>
          </time>
          <time>
            <startTime>2021-01-07T00:00:00+08:00</startTime>
            <endTime>2021-01-08T00:00:00+08:00</endTime>
            <elementValue>
              <value>10</value>
              <measures>C</measures>
            </elementValue>
          </time>
          <time>
            <startTime>2021-01-08T00:00:00+08:00</startTime>
            <endTime>2021-01-09T00:00:00+08:00</endTime>
            <elementValue>
              <value>7</value>
              <measures>C</measures>
            </elementValue>
          </time>
          <time>
            <startTime>2021-01-09T00:00:00+08:00</startTime>
            <endTime>2021-01-10T00:00:00+08:00</endTime>
            <elementValue>
              <value>7</value>
              <measures>C</measures>
            </elementValue>
          </time>
        </weatherElement>
        <weatherElement>
          <elementName>MaxCI</elementName>
          <description>maximum comfort index</description>
          <time>
            <startTime>2021-01-03T12:00:00+08:00</startTime>
            <endTime>2021-01-04T00:00:00+08:00</endTime>
            <elementValue>
              <value>21</value>
              <measures>NA</measures>
            </elementValue>
          </time>
          <time>
            <startTime>2021-01-04T00:00:00+08:00</startTime>
            <endTime>2021-01-05T00:00:00+08:00</endTime>
            <elementValue>
              <value>22</value>
              <measures>NA</measures>
            </elementValue>
          </time>
          <time>
            <startTime>2021-01-05T00:00:00+08:00</startTime>
            <endTime>2021-01-06T00:00:00+08:00</endTime>
            <elementValue>
              <value>22</value>
              <measures>NA</measures>
            </elementValue>
          </time>
          <time>
            <startTime>2021-01-06T00:00:00+08:00</startTime>
            <endTime>2021-01-07T00:00:00+08:00</endTime>
            <elementValue>
              <value>20</value>
              <measures>NA</measures>
            </elementValue>
          </time>
          <time>
            <startTime>2021-01-07T00:00:00+08:00</startTime>
            <endTime>2021-01-08T00:00:00+08:00</endTime>
            <elementValue>
              <value>17</value>
              <measures>NA</measures>
            </elementValue>
          </time>
          <time>
            <startTime>2021-01-08T00:00:00+08:00</startTime>
            <endTime>2021-01-09T00:00:00+08:00</endTime>
            <elementValue>
              <value>14</value>
              <measures>NA</measures>
            </elementValue>
          </time>
          <time>
            <startTime>2021-01-09T00:00:00+08:00</startTime>
            <endTime>2021-01-10T00:00:00+08:00</endTime>
            <elementValue>
              <value>17</value>
              <measures>NA</measures>
            </elementValue>
          </time>
        </weatherElement>
        <weatherElement>
          <elementName>MinCI</elementName>
          <description>minimum comfort index</description>
          <time>
            <startTime>2021-01-03T12:00:00+08:00</startTime>
            <endTime>2021-01-04T00:00:00+08:00</endTime>
            <elementValue>
              <value>16</value>
              <measures>NA</measures>
            </elementValue>
          </time>
          <time>
            <startTime>2021-01-04T00:00:00+08:00</startTime>
            <endTime>2021-01-05T00:00:00+08:00</endTime>
            <elementValue>
              <value>15</value>
              <measures>NA</measures>
            </elementValue>
          </time>
          <time>
            <startTime>2021-01-05T00:00:00+08:00</startTime>
            <endTime>2021-01-06T00:00:00+08:00</endTime>
            <elementValue>
              <value>16</value>
              <measures>NA</measures>
            </elementValue>
          </time>
          <time>
            <startTime>2021-01-06T00:00:00+08:00</startTime>
            <endTime>2021-01-07T00:00:00+08:00</endTime>
            <elementValue>
              <value>15</value>
              <measures>NA</measures>
            </elementValue>
          </time>
          <time>
            <startTime>2021-01-07T00:00:00+08:00</startTime>
            <endTime>2021-01-08T00:00:00+08:00</endTime>
            <elementValue>
              <value>14</value>
              <measures>NA</measures>
            </elementValue>
          </time>
          <time>
            <startTime>2021-01-08T00:00:00+08:00</startTime>
            <endTime>2021-01-09T00:00:00+08:00</endTime>
            <elementValue>
              <value>11</value>
              <measures>NA</measures>
            </elementValue>
          </time>
          <time>
            <startTime>2021-01-09T00:00:00+08:00</startTime>
            <endTime>2021-01-10T00:00:00+08:00</endTime>
            <elementValue>
              <value>11</value>
              <measures>NA</measures>
            </elementValue>
          </time>
        </weatherElement>
        <weatherElement>
          <elementName>PoP24h</elementName>
          <description>24 hours probability of precipitation</description>
          <time>
            <startTime>2021-01-03T12:00:00+08:00</startTime>
            <endTime>2021-01-04T00:00:00+08:00</endTime>
            <elementValue>
              <value>0</value>
              <measures>%</measures>
            </elementValue>
          </time>
          <time>
            <startTime>2021-01-04T00:00:00+08:00</startTime>
            <endTime>2021-01-05T00:00:00+08:00</endTime>
            <elementValue>
              <value>0</value>
              <measures>%</measures>
            </elementValue>
          </time>
          <time>
            <startTime>2021-01-05T00:00:00+08:00</startTime>
            <endTime>2021-01-06T00:00:00+08:00</endTime>
            <elementValue>
              <value>10</value>
              <measures>%</measures>
            </elementValue>
          </time>
          <time>
            <startTime>2021-01-06T00:00:00+08:00</startTime>
            <endTime>2021-01-07T00:00:00+08:00</endTime>
            <elementValue>
              <value> </value>
              <measures>%</measures>
            </elementValue>
          </time>
          <time>
            <startTime>2021-01-07T00:00:00+08:00</startTime>
            <endTime>2021-01-08T00:00:00+08:00</endTime>
            <elementValue>
              <value> </value>
              <measures>%</measures>
            </elementValue>
          </time>
          <time>
            <startTime>2021-01-08T00:00:00+08:00</startTime>
            <endTime>2021-01-09T00:00:00+08:00</endTime>
            <elementValue>
              <value> </value>
              <measures>%</measures>
            </elementValue>
          </time>
          <time>
            <startTime>2021-01-09T00:00:00+08:00</startTime>
            <endTime>2021-01-10T00:00:00+08:00</endTime>
            <elementValue>
              <value> </value>
              <measures>%</measures>
            </elementValue>
          </time>
        </weatherElement>
        <weatherElement>
          <elementName>WD</elementName>
          <description>wind direction</description>
          <time>
            <startTime>2021-01-03T12:00:00+08:00</startTime>
            <endTime>2021-01-04T00:00:00+08:00</endTime>
            <elementValue>
              <value>N</value>
              <measures>8 directions</measures>
            </elementValue>
          </time>
          <time>
            <startTime>2021-01-04T00:00:00+08:00</startTime>
            <endTime>2021-01-05T00:00:00+08:00</endTime>
            <elementValue>
              <value>N</value>
              <measures>8 directions</measures>
            </elementValue>
          </time>
          <time>
            <startTime>2021-01-05T00:00:00+08:00</startTime>
            <endTime>2021-01-06T00:00:00+08:00</endTime>
            <elementValue>
              <value>N</value>
              <measures>8 directions</measures>
            </elementValue>
          </time>
          <time>
            <startTime>2021-01-06T00:00:00+08:00</startTime>
            <endTime>2021-01-07T00:00:00+08:00</endTime>
            <elementValue>
              <value>N</value>
              <measures>8 directions</measures>
            </elementValue>
          </time>
          <time>
            <startTime>2021-01-07T00:00:00+08:00</startTime>
            <endTime>2021-01-08T00:00:00+08:00</endTime>
            <elementValue>
              <value>N</value>
              <measures>8 directions</measures>
            </elementValue>
          </time>
          <time>
            <startTime>2021-01-08T00:00:00+08:00</startTime>
            <endTime>2021-01-09T00:00:00+08:00</endTime>
            <elementValue>
              <value>N</value>
              <measures>8 directions</measures>
            </elementValue>
          </time>
          <time>
            <startTime>2021-01-09T00:00:00+08:00</startTime>
            <endTime>2021-01-10T00:00:00+08:00</endTime>
            <elementValue>
              <value>N</value>
              <measures>8 directions</measures>
            </elementValue>
          </time>
        </weatherElement>
        <weatherElement>
          <elementName>WS</elementName>
          <description>maximum of wind speed</description>
          <time>
            <startTime>2021-01-03T12:00:00+08:00</startTime>
            <endTime>2021-01-04T00:00:00+08:00</endTime>
            <elementValue>
              <value>5</value>
              <measures>m/s</measures>
            </elementValue>
            <elementValue>
              <value>3</value>
              <measures>Beaufort</measures>
            </elementValue>
          </time>
          <time>
            <startTime>2021-01-04T00:00:00+08:00</startTime>
            <endTime>2021-01-05T00:00:00+08:00</endTime>
            <elementValue>
              <value>5</value>
              <measures>m/s</measures>
            </elementValue>
            <elementValue>
              <value>3</value>
              <measures>Beaufort</measures>
            </elementValue>
          </time>
          <time>
            <startTime>2021-01-05T00:00:00+08:00</startTime>
            <endTime>2021-01-06T00:00:00+08:00</endTime>
            <elementValue>
              <value>6</value>
              <measures>m/s</measures>
            </elementValue>
            <elementValue>
              <value>4</value>
              <measures>Beaufort</measures>
            </elementValue>
          </time>
          <time>
            <startTime>2021-01-06T00:00:00+08:00</startTime>
            <endTime>2021-01-07T00:00:00+08:00</endTime>
            <elementValue>
              <value>5</value>
              <measures>m/s</measures>
            </elementValue>
            <elementValue>
              <value>3</value>
              <measures>Beaufort</measures>
            </elementValue>
          </time>
          <time>
            <startTime>2021-01-07T00:00:00+08:00</startTime>
            <endTime>2021-01-08T00:00:00+08:00</endTime>
            <elementValue>
              <value>7</value>
              <measures>m/s</measures>
            </elementValue>
            <elementValue>
              <value>4</value>
              <measures>Beaufort</measures>
            </elementValue>
          </time>
          <time>
            <startTime>2021-01-08T00:00:00+08:00</startTime>
            <endTime>2021-01-09T00:00:00+08:00</endTime>
            <elementValue>
              <value>7</value>
              <measures>m/s</measures>
            </elementValue>
            <elementValue>
              <value>4</value>
              <measures>Beaufort</measures>
            </elementValue>
          </time>
          <time>
            <startTime>2021-01-09T00:00:00+08:00</startTime>
            <endTime>2021-01-10T00:00:00+08:00</endTime>
            <elementValue>
              <value>4</value>
              <measures>m/s</measures>
            </elementValue>
            <elementValue>
              <value>3</value>
              <measures>Beaufort</measures>
            </elementValue>
          </time>
        </weatherElement>
        <weatherElement>
          <elementName>Wx</elementName>
          <description>weather</description>
          <time>
            <startTime>2021-01-03T12:00:00+08:00</startTime>
            <endTime>2021-01-04T00:00:00+08:00</endTime>
            <elementValue>
              <value>Mostly clear</value>
              <measures>define Wx text by self</measures>
            </elementValue>
            <elementValue>
              <value>02</value>
              <measures>define Wx unit by self</measures>
            </elementValue>
          </time>
          <time>
            <startTime>2021-01-04T00:00:00+08:00</startTime>
            <endTime>2021-01-05T00:00:00+08:00</endTime>
            <elementValue>
              <value>Mostly clear</value>
              <measures>define Wx text by self</measures>
            </elementValue>
            <elementValue>
              <value>02</value>
              <measures>define Wx unit by self</measures>
            </elementValue>
          </time>
          <time>
            <startTime>2021-01-05T00:00:00+08:00</startTime>
            <endTime>2021-01-06T00:00:00+08:00</endTime>
            <elementValue>
              <value>Partly cloudy</value>
              <measures>define Wx text by self</measures>
            </elementValue>
            <elementValue>
              <value>04</value>
              <measures>define Wx unit by self</measures>
            </elementValue>
          </time>
          <time>
            <startTime>2021-01-06T00:00:00+08:00</startTime>
            <endTime>2021-01-07T00:00:00+08:00</endTime>
            <elementValue>
              <value>Mostly cloudy</value>
              <measures>define Wx text by self</measures>
            </elementValue>
            <elementValue>
              <value>05</value>
              <measures>define Wx unit by self</measures>
            </elementValue>
          </time>
          <time>
            <startTime>2021-01-07T00:00:00+08:00</startTime>
            <endTime>2021-01-08T00:00:00+08:00</endTime>
            <elementValue>
              <value>Mostly cloudy</value>
              <measures>define Wx text by self</measures>
            </elementValue>
            <elementValue>
              <value>05</value>
              <measures>define Wx unit by self</measures>
            </elementValue>
          </time>
          <time>
            <startTime>2021-01-08T00:00:00+08:00</startTime>
            <endTime>2021-01-09T00:00:00+08:00</endTime>
            <elementValue>
              <value>Partly cloudy</value>
              <measures>define Wx text by self</measures>
            </elementValue>
            <elementValue>
              <value>04</value>
              <measures>define Wx unit by self</measures>
            </elementValue>
          </time>
          <time>
            <startTime>2021-01-09T00:00:00+08:00</startTime>
            <endTime>2021-01-10T00:00:00+08:00</endTime>
            <elementValue>
              <value>Partly cloudy</value>
              <measures>define Wx text by self</measures>
            </elementValue>
            <elementValue>
              <value>04</value>
              <measures>define Wx unit by self</measures>
            </elementValue>
          </time>
        </weatherElement>
        <weatherElement>
          <elementName>UVI</elementName>
          <description>Ultraviolet index</description>
          <time>
            <startTime>2021-01-03T06:00:00+08:00</startTime>
            <endTime>2021-01-03T18:00:00+08:00</endTime>
            <elementValue>
              <value>5</value>
              <measures>UV Index</measures>
            </elementValue>
            <elementValue>
              <value>Moderate</value>
              <measures>Exposure Level</measures>
            </elementValue>
          </time>
          <time>
            <startTime>2021-01-04T06:00:00+08:00</startTime>
            <endTime>2021-01-04T18:00:00+08:00</endTime>
            <elementValue>
              <value>5</value>
              <measures>UV Index</measures>
            </elementValue>
            <elementValue>
              <value>Moderate</value>
              <measures>Exposure Level</measures>
            </elementValue>
          </time>
          <time>
            <startTime>2021-01-05T06:00:00+08:00</startTime>
            <endTime>2021-01-05T18:00:00+08:00</endTime>
            <elementValue>
              <value>4</value>
              <measures>UV Index</measures>
            </elementValue>
            <elementValue>
              <value>Moderate</value>
              <measures>Exposure Level</measures>
            </elementValue>
          </time>
          <time>
            <startTime>2021-01-06T06:00:00+08:00</startTime>
            <endTime>2021-01-06T18:00:00+08:00</endTime>
            <elementValue>
              <value>4</value>
              <measures>UV Index</measures>
            </elementValue>
            <elementValue>
              <value>Moderate</value>
              <measures>Exposure Level</measures>
            </elementValue>
          </time>
          <time>
            <startTime>2021-01-07T06:00:00+08:00</startTime>
            <endTime>2021-01-07T18:00:00+08:00</endTime>
            <elementValue>
              <value>3</value>
              <measures>UV Index</measures>
            </elementValue>
            <elementValue>
              <value>Moderate</value>
              <measures>Exposure Level</measures>
            </elementValue>
          </time>
          <time>
            <startTime>2021-01-08T06:00:00+08:00</startTime>
            <endTime>2021-01-08T18:00:00+08:00</endTime>
            <elementValue>
              <value>3</value>
              <measures>UV Index</measures>
            </elementValue>
            <elementValue>
              <value>Moderate</value>
              <measures>Exposure Level</measures>
            </elementValue>
          </time>
          <time>
            <startTime>2021-01-09T06:00:00+08:00</startTime>
            <endTime>2021-01-09T18:00:00+08:00</endTime>
            <elementValue>
              <value>4</value>
              <measures>UV Index</measures>
            </elementValue>
            <elementValue>
              <value>Moderate</value>
              <measures>Exposure Level</measures>
            </elementValue>
          </time>
        </weatherElement>
        <weatherElement>
          <elementName>WeatherDescription</elementName>
          <description>weather description</description>
          <time>
            <startTime>2021-01-03T12:00:00+08:00</startTime>
            <endTime>2021-01-04T00:00:00+08:00</endTime>
            <elementValue>
              <value>Mostly clear. Temperature between 16 and 23 centigrade. Cool~Comfortable. N wind 5m/s. Chance of precipitation 0%.</value>
              <measures>NA</measures>
            </elementValue>
          </time>
          <time>
            <startTime>2021-01-04T00:00:00+08:00</startTime>
            <endTime>2021-01-05T00:00:00+08:00</endTime>
            <elementValue>
              <value>Mostly clear. Temperature between 15 and 26 centigrade. Cold~Comfortable. N wind 5m/s. Chance of precipitation 0%.</value>
              <measures>NA</measures>
            </elementValue>
          </time>
          <time>
            <startTime>2021-01-05T00:00:00+08:00</startTime>
            <endTime>2021-01-06T00:00:00+08:00</endTime>
            <elementValue>
              <value>Partly cloudy. Temperature between 17 and 25 centigrade. Cool~Comfortable. N wind 6m/s. Chance of precipitation 10%.</value>
              <measures>NA</measures>
            </elementValue>
          </time>
          <time>
            <startTime>2021-01-06T00:00:00+08:00</startTime>
            <endTime>2021-01-07T00:00:00+08:00</endTime>
            <elementValue>
              <value>Mostly cloudy. Temperature between 15 and 23 centigrade. Cold~Comfortable. N wind 5m/s. </value>
              <measures>NA</measures>
            </elementValue>
          </time>
          <time>
            <startTime>2021-01-07T00:00:00+08:00</startTime>
            <endTime>2021-01-08T00:00:00+08:00</endTime>
            <elementValue>
              <value>Mostly cloudy. Temperature between 14 and 18 centigrade. Cold~Cool. N wind 7m/s. </value>
              <measures>NA</measures>
            </elementValue>
          </time>
          <time>
            <startTime>2021-01-08T00:00:00+08:00</startTime>
            <endTime>2021-01-09T00:00:00+08:00</endTime>
            <elementValue>
              <value>Partly cloudy. Temperature between 11 and 14 centigrade. Cold. N wind 7m/s. </value>
              <measures>NA</measures>
            </elementValue>
          </time>
          <time>
            <startTime>2021-01-09T00:00:00+08:00</startTime>
            <endTime>2021-01-10T00:00:00+08:00</endTime>
            <elementValue>
              <value>Partly cloudy. Temperature between 10 and 18 centigrade. Cold~Cool. N wind 4m/s. </value>
              <measures>NA</measures>
            </elementValue>
          </time>
        </weatherElement>
      </location>
    </locations>
  </dataset>
</cwbopendata>
